1655398200000,"21199.76000000","21219.70000000","21189.81000000","21219.70000000","64.79117000",1655398259999,"1373739.94188600",1210,"34.83981000","738687.04365110","0"
1655398260000,"21219.69000000","21238.00000000","21212.81000000","21237.99000000","87.75439000",1655398319999,"1862635.50653410",1458,"48.90443000","1038013.68057160","0"
1655398320000,"21238.00000000","21250.01000000","21190.74000000","21245.75000000","88.53020000",1655398379999,"1879188.61492220",1602,"45.19873000","959657.65237670","0"
1655398380000,"21245.74000000","21245.75000000","21200.00000000","21200.01000000","111.67705000",1655398439999,"2369059.22596190",1661,"44.25009000","938728.05271230","0"
1655398440000,"21200.01000000","21200.01000000","21158.01000000","21161.88000000","70.69180000",1655398499999,"1496885.20884990",1535,"20.71613000","438615.79423230","0"
1655398500000,"21162.35000000","21168.88000000","21117.98000000","21134.12000000","84.30796000",1655398559999,"1783315.06685480",1373,"46.68204000","987472.40426280","0"
1655398560000,"21134.12000000","21164.00000000","21122.23000000","21162.12000000","117.95110000",1655398619999,"2495211.88513520",1295,"31.37624000","663509.98783350","0"
1655398620000,"21162.13000000","21172.54000000","21150.41000000","21172.17000000","25.93588000",1655398679999,"548822.65680080",751,"16.45039000","348109.14585100","0"
1655398680000,"21172.16000000","21172.75000000","21134.52000000","21158.58000000","58.46516000",1655398739999,"1236576.63367250",981,"33.80405000","714892.73681360","0"
1655398740000,"21158.57000000","21186.10000000","21141.65000000","21186.10000000","45.55357000",1655398799999,"963761.87860460",895,"26.72886000","565518.11075430","0"
1655398800000,"21186.10000000","21200.47000000","21159.33000000","21172.40000000","54.62170000",1655398859999,"1157030.44884110",1123,"24.33019000","515378.08049130","0"
1655398860000,"21172.40000000","21184.90000000","21164.11000000","21171.25000000","50.20355000",1655398919999,"1063002.24732270",1072,"27.07450000","573231.59379380","0"
1655398920000,"21171.26000000","21180.92000000","21144.67000000","21157.54000000","45.41110000",1655398979999,"960848.87679870",780,"11.71675000","247896.35224370","0"
1655398980000,"21157.53000000","21171.18000000","21140.67000000","21150.22000000","28.51080000",1655399039999,"603051.45097920",773,"9.56932000","202424.89017170","0"
1655399040000,"21150.22000000","21156.25000000","21130.00000000","21156.25000000","53.77063000",1655399099999,"1136789.07614000",898,"20.16823000","426361.24887700","0"
1655399100000,"21156.25000000","21157.06000000","21131.95000000","21139.50000000","61.81509000",1655399159999,"1307054.54563310",1007,"32.03349000","677402.02021110","0"
1655399160000,"21139.50000000","21154.99000000","21109.08000000","21154.99000000","105.77657000",1655399219999,"2235271.83442800",1412,"58.39319000","1233981.61077330","0"
1655399220000,"21154.99000000","21190.00000000","21150.40000000","21187.87000000","56.52908000",1655399279999,"1196854.51123560",1157,"29.50488000","624749.95831000","0"
1655399280000,"21187.87000000","21208.99000000","21183.30000000","21199.99000000","72.48991000",1655399339999,"1536675.17220920",1180,"34.66595000","734848.31850580","0"
1655399340000,"21200.00000000","21208.65000000","21191.98000000","21206.85000000","38.57136000",1655399399999,"817720.57020050",704,"25.56170000","541911.29669460","0"
1655399400000,"21206.84000000","21224.43000000","21187.51000000","21217.59000000","70.11929000",1655399459999,"1487019.72626360",1086,"40.40831000","856995.91003150","0"
1655399460000,"21217.59000000","21280.04000000","21217.58000000","21267.16000000","123.45431000",1655399519999,"2623259.19041340",1832,"73.47442000","1561242.29209590","0"
1655399520000,"21267.15000000","21289.00000000","21223.50000000","21234.84000000","83.22350000",1655399579999,"1768870.23985710",1570,"30.53247000","648952.68994760","0"
1655399580000,"21234.83000000","21255.14000000","21200.00000000","21200.00000000","34.57701000",1655399639999,"734059.47662270",994,"13.82492000","293526.69905710","0"
1655399640000,"21200.01000000","21221.19000000","21184.01000000","21204.10000000","28.62425000",1655399699999,"606914.85251640",801,"12.84486000","272361.23038540","0"
1655399700000,"21204.10000000","21230.71000000","21200.00000000","21221.31000000","50.69059000",1655399759999,"1075484.59744310",839,"30.58556000","648959.43245400","0"
1655399760000,"21221.31000000","21221.32000000","21195.27000000","21209.49000000","54.72426000",1655399819999,"1160333.43018280",911,"39.50735000","837625.81011840","0"
1655399820000,"21209.49000000","21298.71000000","21209.48000000","21290.38000000","65.26371000",1655399879999,"1387534.81306870",1511,"39.01155000","829319.33134650","0"
1655399880000,"21290.38000000","21500.00000000","21290.38000000","21394.77000000","492.85260000",1655399939999,"10539218.96372820",6077,"325.25540000","6954873.70091600","0"
1655399940000,"21394.77000000","21403.77000000","21321.44000000","21336.73000000","87.10114000",1655399999999,"1860558.36581030",1449,"38.22383000","816532.44442700","0"
1655400000000,"21336.72000000","21379.09000000","21307.93000000","21372.29000000","60.35555000",1655400059999,"1288316.73268220",1435,"26.66334000","569131.35848780","0"
1655400060000,"21372.30000000","21372.30000000","21301.44000000","21301.45000000","45.47735000",1655400119999,"969847.97132570",1111,"21.61477000","460934.40825170","0"
1655400120000,"21301.45000000","21303.83000000","21280.60000000","21289.18000000","49.77410000",1655400179999,"1059758.90823510",992,"22.96627000","488927.18887450","0"
1655400180000,"21289.17000000","21296.16000000","21267.40000000","21291.90000000","67.66407000",1655400239999,"1439898.41428010",1244,"30.44821000","647935.17128070","0"
1655400240000,"21291.90000000","21291.90000000","21245.49000000","21265.67000000","41.95735000",1655400299999,"892455.60295500",1023,"19.93514000","423953.51027050","0"
1655400300000,"21265.68000000","21277.57000000","21228.35000000","21244.39000000","54.28516000",1655400359999,"1153705.08565010",1128,"20.58744000","437489.63894850","0"
1655400360000,"21244.39000000","21274.65000000","21241.45000000","21265.31000000","31.20626000",1655400419999,"663320.70686780",828,"14.40522000","306177.12435810","0"
1655400420000,"21265.32000000","21305.90000000","21260.59000000","21287.54000000","54.15622000",1655400479999,"1152500.56962710",1151,"23.01602000","489842.35903220","0"
1655400480000,"21287.55000000","21365.73000000","21287.35000000","21362.04000000","109.67020000",1655400539999,"2339197.79447890",1659,"55.38468000","1181296.94374370","0"
1655400540000,"21362.04000000","21384.97000000","21336.95000000","21345.44000000","64.84764000",1655400599999,"1384972.07480330",1294,"26.88871000","574265.35023510","0"
1655400600000,"21345.44000000","21426.08000000","21297.12000000","21421.97000000","117.19363000",1655400659999,"2504406.10997230",1987,"63.64686000","1360268.73599450","0"
1655400660000,"21421.98000000","21426.06000000","21365.11000000","21380.16000000","64.62407000",1655400719999,"1382748.46031630",1384,"28.00314000","599151.92561210","0"
1655400720000,"21380.15000000","21395.69000000","21311.92000000","21395.69000000","56.12913000",1655400779999,"1198323.45626180",1285,"28.25054000","603112.19482140","0"
1655400780000,"21395.68000000","21421.01000000","21383.70000000","21383.70000000","39.48393000",1655400839999,"845036.92696590",1119,"16.97981000","363376.55410090","0"
1655400840000,"21383.70000000","21399.19000000","21366.13000000","21388.58000000","39.72371000",1655400899999,"849392.16979980",946,"22.59074000","483026.73325440","0"
1655400900000,"21388.58000000","21399.72000000","21369.20000000","21369.41000000","43.74741000",1655400959999,"935734.18186910",944,"19.03445000","407079.42922560","0"
1655400960000,"21369.41000000","21395.99000000","21340.58000000","21340.58000000","44.86994000",1655401019999,"959114.26807510",814,"29.98348000","640966.68553820","0"
1655401020000,"21340.59000000","21355.09000000","21326.04000000","21348.72000000","39.74121000",1655401079999,"848020.50618150",935,"24.26077000","517645.86867430","0"
1655401080000,"21348.73000000","21349.83000000","21319.12000000","21343.01000000","52.97420000",1655401139999,"1130002.21294210",975,"31.44244000","670691.08101790","0"
1655401140000,"21343.02000000","21370.49000000","21330.90000000","21367.00000000","39.95094000",1655401199999,"853096.91418150",972,"22.20582000","474131.02402360","0"
1655401200000,"21367.00000000","21374.79000000","21334.56000000","21334.57000000","31.96109000",1655401259999,"682779.57525800",855,"16.51165000","352746.28143380","0"
1655401260000,"21334.57000000","21337.30000000","21298.48000000","21298.48000000","47.01193000",1655401319999,"1002073.03250210",1019,"19.08466000","406815.79243470","0"
1655401320000,"21298.49000000","21298.49000000","21262.66000000","21297.63000000","77.28960000",1655401379999,"1644855.17493740",1162,"34.94783000","743707.57022600","0"
1655401380000,"21297.62000000","21305.10000000","21269.68000000","21269.76000000","52.76347000",1655401439999,"1123175.46323200",947,"18.41036000","391865.76958460","0"
1655401440000,"21269.76000000","21283.61000000","21239.96000000","21254.53000000","54.82065000",1655401499999,"1165385.72998140",1065,"23.62050000","502103.47867640","0"
1655401500000,"21254.54000000","21275.00000000","21242.95000000","21274.48000000","40.75159000",1655401559999,"866454.57137780",774,"29.83797000","634395.90302380","0"
1655401560000,"21274.47000000","21274.48000000","21171.61000000","21174.96000000","82.50272000",1655401619999,"1750224.53589810",1536,"37.40196000","793307.91422320","0"
1655401620000,"21174.96000000","21195.24000000","21160.64000000","21189.08000000","60.82063000",1655401679999,"1287916.01061330",1250,"29.73313000","629616.54645780","0"
1655401680000,"21189.08000000","21209.57000000","21161.79000000","21161.79000000","79.51090000",1655401739999,"1684766.91512240",1120,"46.59185000","987346.12423730","0"
1655401740000,"21161.80000000","21166.03000000","21111.40000000","21150.75000000","102.29785000",1655401799999,"2162331.03494320",1665,"47.75544000","1009357.02900630","0"
1655401800000,"21150.76000000","21158.21000000","21100.65000000","21107.03000000","58.23980000",1655401859999,"1230191.21863910",1301,"26.32420000","555956.92512860","0"
1655401860000,"21107.76000000","21140.67000000","21080.32000000","21080.33000000","57.04148000",1655401919999,"1204364.52440360",1226,"20.66959000","436489.25542360","0"
1655401920000,"21080.33000000","21131.86000000","21078.58000000","21105.92000000","53.40994000",1655401979999,"1126631.40965050",1109,"23.45392000","494631.02231560","0"
1655401980000,"21105.93000000","21126.55000000","21097.78000000","21122.15000000","26.40667000",1655402039999,"557481.65762290",698,"14.15455000","298791.67455690","0"
1655402040000,"21122.16000000","21127.00000000","21115.12000000","21124.99000000","14.67771000",1655402099999,"310025.97536000",528,"6.68881000","141283.21287000","0"
1655402100000,"21124.99000000","21125.44000000","21099.99000000","21112.58000000","29.82666000",1655402159999,"629708.99998050",728,"7.94015000","167624.65247600","0"
1655402160000,"21112.59000000","21112.59000000","21079.13000000","21087.81000000","55.98877000",1655402219999,"1180892.83078770",1025,"34.32282000","723829.29501440","0"
1655402220000,"21087.82000000","21107.63000000","21082.55000000","21084.01000000","31.96583000",1655402279999,"674255.11759220",684,"14.23321000","300245.35579280","0"
1655402280000,"21084.01000000","21089.66000000","21057.17000000","21068.96000000","54.11478000",1655402339999,"1140437.76102380",1025,"34.82534000","733930.94879920","0"
1655402340000,"21068.96000000","21080.00000000","21055.00000000","21068.65000000","31.73759000",1655402399999,"668624.10642730",810,"13.78501000","290435.52917030","0"
1655402400000,"21068.64000000","21088.69000000","21020.01000000","21027.04000000","149.96193000",1655402459999,"3157765.71618470",1758,"40.88172000","860761.17358370","0"
1655402460000,"21027.03000000","21066.36000000","21011.50000000","21055.96000000","72.20452000",1655402519999,"1518920.98991960",1337,"26.80965000","563900.88449030","0"
1655402520000,"21057.02000000","21082.82000000","21048.26000000","21074.29000000","45.12102000",1655402579999,"950565.01050850",971,"23.22672000","489344.32641050","0"
1655402580000,"21074.29000000","21099.84000000","21074.29000000","21094.90000000","64.32037000",1655402639999,"1356464.36409470",984,"38.01689000","801725.13011500","0"
1655402640000,"21094.89000000","21105.00000000","21073.10000000","21077.94000000","31.39263000",1655402699999,"661970.70252420",770,"12.94597000","272980.32785460","0"
1655402700000,"21077.93000000","21123.48000000","21072.54000000","21090.43000000","27.72780000",1655402759999,"585061.79644270",762,"19.60553000","413678.24308210","0"
1655402760000,"21090.42000000","21090.43000000","21047.11000000","21047.11000000","27.90122000",1655402819999,"587972.16407880",688,"10.23414000","215697.41498410","0"
1655402820000,"21047.11000000","21047.12000000","20955.36000000","20965.11000000","187.42915000",1655402879999,"3934103.88758210",2739,"54.50114000","1143680.68731230","0"
1655402880000,"20965.10000000","20989.77000000","20917.23000000","20954.74000000","192.00743000",1655402939999,"4021764.80948020",2229,"74.68184000","1564264.68508730","0"
1655402940000,"20954.74000000","21025.36000000","20953.97000000","21017.16000000","48.47322000",1655402999999,"1017926.00191240",950,"31.78533000","667633.15683240","0"
1655403000000,"21017.16000000","21051.25000000","20959.83000000","20972.25000000","85.56818000",1655403059999,"1796557.09969410",1344,"25.92071000","544242.49826210","0"
1655403060000,"20972.24000000","21015.98000000","20962.79000000","20974.67000000","72.48945000",1655403119999,"1521489.06630760",1147,"34.74287000","729377.99747480","0"
1655403120000,"20974.67000000","20997.75000000","20972.12000000","20992.05000000","34.48383000",1655403179999,"723680.22392550",709,"11.48261000","240945.04399360","0"
1655403180000,"20992.05000000","20992.05000000","20962.98000000","20984.45000000","28.78881000",1655403239999,"603929.98317670",760,"10.21321000","214234.02404750","0"
1655403240000,"20984.45000000","21002.00000000","20984.09000000","20988.86000000","20.11290000",1655403299999,"422234.90872810",614,"11.79395000","247586.75417350","0"
1655403300000,"20990.01000000","21004.00000000","20959.62000000","20959.63000000","24.10438000",1655403359999,"505842.17386380",774,"10.04124000","210746.34160840","0"
1655403360000,"20959.63000000","20996.85000000","20958.82000000","20985.01000000","38.03785000",1655403419999,"798050.46821540",724,"25.26527000","530131.92042440","0"
1655403420000,"20985.02000000","20995.04000000","20968.49000000","20973.61000000","31.47973000",1655403479999,"660455.93078340",647,"23.72020000","497653.92881280","0"
1655403480000,"20973.61000000","20995.04000000","20968.49000000","20988.24000000","30.20032000",1655403539999,"633585.10295230",658,"15.45719000","324296.75995920","0"
1655403540000,"20988.24000000","20992.50000000","20963.66000000","20980.97000000","27.68881000",1655403599999,"580932.97113910",729,"14.51298000","304496.26822350","0"
1655403600000,"20980.98000000","20997.93000000","20978.47000000","20991.25000000","39.86995000",1655403659999,"836728.23466860",646,"24.93055000","523223.27986330","0"
1655403660000,"20991.25000000","21032.43000000","20986.35000000","21014.64000000","42.04848000",1655403719999,"883184.44474010",863,"26.38524000","554193.90918570","0"
1655403720000,"21014.63000000","21040.02000000","21011.39000000","21016.23000000","45.37705000",1655403779999,"954229.64743370",905,"27.13502000","570580.58992270","0"
1655403780000,"21016.22000000","21019.85000000","20947.01000000","20960.52000000","74.36678000",1655403839999,"1560266.62896590",1210,"16.04834000","336672.41396130","0"
1655403840000,"20960.51000000","20997.54000000","20934.49000000","20992.64000000","46.94197000",1655403899999,"983855.56836670",959,"20.83162000","436730.70134150","0"
1655403900000,"20992.59000000","21028.69000000","20974.97000000","21022.57000000","32.22795000",1655403959999,"676984.29710740",817,"17.25425000","362358.16955250","0"
1655403960000,"21022.58000000","21035.73000000","21011.67000000","21013.46000000","30.54663000",1655404019999,"642286.72639260",658,"20.28390000","426528.35999180","0"
1655404020000,"21013.45000000","21044.05000000","21003.69000000","21038.10000000","33.19699000",1655404079999,"698094.88587450",714,"14.82865000","311794.38390830","0"
1655404080000,"21038.10000000","21042.65000000","21018.23000000","21027.53000000","18.75925000",1655404139999,"394581.36461070",606,"10.86264000","228486.22859230","0"
1655404140000,"21027.52000000","21027.53000000","20995.00000000","20995.00000000","35.35914000",1655404199999,"742838.74921900",634,"20.16791000","423660.87452980","0"
1655404200000,"20995.01000000","21041.50000000","20990.58000000","21034.81000000","65.38086000",1655404259999,"1373992.35490880",1050,"45.96036000","965733.87994670","0"
1655404260000,"21034.82000000","21059.60000000","21033.09000000","21044.31000000","62.46078000",1655404319999,"1314766.08931620",875,"26.49486000","557647.57320610","0"
1655404320000,"21044.31000000","21046.12000000","21014.83000000","21022.93000000","15.80999000",1655404379999,"332457.69501130",634,"9.37068000","197038.97253790","0"
1655404380000,"21022.76000000","21034.01000000","21015.81000000","21019.29000000","15.84435000",1655404439999,"333163.92652260",568,"8.27127000","173917.72595010","0"
1655404440000,"21019.32000000","21029.64000000","21007.52000000","21017.95000000","49.15392000",1655404499999,"1033129.79514360",836,"16.65815000","350139.83099990","0"
1655404500000,"21017.95000000","21019.96000000","20914.27000000","20939.59000000","102.46925000",1655404559999,"2145834.28105130",1816,"38.10403000","797786.17137810","0"
1655404560000,"20939.59000000","21015.81000000","20923.41000000","21015.80000000","47.70195000",1655404619999,"999706.22239980",1005,"30.52716000","639745.26813210","0"
1655404620000,"21015.81000000","21044.05000000","21012.99000000","21036.49000000","60.43847000",1655404679999,"1271323.15393390",988,"40.22259000","846059.52338020","0"
1655404680000,"21036.49000000","21051.72000000","21028.92000000","21039.15000000","39.21949000",1655404739999,"825230.24537050",779,"16.19639000","340830.06039320","0"
1655404740000,"21039.14000000","21077.45000000","21034.04000000","21067.97000000","56.59401000",1655404799999,"1191857.16765600",912,"39.31254000","827892.17363910","0"
1655404800000,"21067.97000000","21101.17000000","21058.13000000","21070.94000000","59.89168000",1655404859999,"1262581.15912070",1286,"29.00305000","611383.33480050","0"
1655404860000,"21070.93000000","21100.00000000","21058.55000000","21059.98000000","43.04902000",1655404919999,"907792.51458840",942,"21.19094000","446836.17088420","0"
1655404920000,"21058.56000000","21084.00000000","21058.15000000","21068.34000000","47.10745000",1655404979999,"992584.37447750",837,"24.60102000","518373.76271830","0"
1655404980000,"21068.34000000","21085.90000000","21040.81000000","21085.26000000","27.31493000",1655405039999,"575319.00932290",755,"13.96885000","294307.41693730","0"
1655405040000,"21085.25000000","21095.59000000","21070.88000000","21079.51000000","38.23360000",1655405099999,"806099.83346160",743,"14.43768000","304374.15073630","0"
1655405100000,"21079.52000000","21094.29000000","21025.61000000","21088.34000000","59.06010000",1655405159999,"1243902.71660350",1032,"13.34023000","280985.29250270","0"
1655405160000,"21088.98000000","21093.93000000","21060.49000000","21060.70000000","29.41370000",1655405219999,"619844.93006260",700,"9.27284000","195410.00175360","0"
1655405220000,"21060.70000000","21077.92000000","21023.14000000","21031.56000000","53.46311000",1655405279999,"1125409.13478860",1180,"23.94872000","504185.15903640","0"
1655405280000,"21031.56000000","21035.82000000","20955.95000000","20960.01000000","50.34417000",1655405339999,"1056833.03241240",1334,"18.55938000","389509.03702990","0"
1655405340000,"20960.00000000","20978.63000000","20940.00000000","20959.62000000","58.10935000",1655405399999,"1217623.96899400",1201,"22.68005000","475248.13919860","0"
1655405400000,"20959.61000000","21014.13000000","20954.87000000","21012.18000000","68.65302000",1655405459999,"1440379.72994130",1287,"42.49000000","891533.01397550","0"
1655405460000,"21012.19000000","21018.36000000","20987.69000000","20993.46000000","39.38343000",1655405519999,"826973.16852030",754,"14.33397000","300967.34618610","0"
1655405520000,"20993.47000000","21014.64000000","20973.07000000","20997.08000000","31.70528000",1655405579999,"665701.51300620",943,"17.47193000","366840.95961480","0"
1655405580000,"20997.07000000","21000.00000000","20972.05000000","20981.12000000","24.10505000",1655405639999,"505800.38291900",583,"13.03171000","273459.89963020","0"
1655405640000,"20981.12000000","20998.72000000","20963.96000000","20996.58000000","21.40245000",1655405699999,"449143.30757860",622,"14.35487000","301237.79747500","0"
1655405700000,"20996.58000000","21014.14000000","20981.95000000","21004.49000000","30.21199000",1655405759999,"634447.84663190",705,"16.12671000","338667.70756680","0"
1655405760000,"21004.49000000","21044.18000000","21004.49000000","21040.07000000","45.97218000",1655405819999,"966444.49200020",869,"32.14426000","675743.40079650","0"
1655405820000,"21040.07000000","21044.41000000","21005.88000000","21018.86000000","28.26127000",1655405879999,"594190.69499140",789,"10.08537000","212025.04426920","0"
1655405880000,"21018.86000000","21031.52000000","21018.85000000","21022.71000000","15.75662000",1655405939999,"331296.95014330",449,"4.91922000","103431.23273080","0"
1655405940000,"21022.71000000","21048.57000000","21018.49000000","21029.37000000","21.40738000",1655405999999,"450350.20183530",615,"11.61907000","244414.07139710","0"
1655406000000,"21029.36000000","21057.10000000","21015.58000000","21042.78000000","45.98428000",1655406059999,"967252.39422350",1088,"30.96373000","651344.05913920","0"
1655406060000,"21042.79000000","21069.12000000","21037.66000000","21068.07000000","39.38780000",1655406119999,"829396.06181520",938,"24.73195000","520768.55875170","0"
1655406120000,"21068.06000000","21068.07000000","21044.32000000","21063.89000000","13.79722000",1655406179999,"290545.42358340",589,"7.13956000","150341.52757640","0"
1655406180000,"21063.89000000","21075.80000000","21028.43000000","21073.31000000","27.93998000",1655406239999,"588242.64979280",795,"17.64577000","371493.40117300","0"
1655406240000,"21073.31000000","21100.00000000","21054.53000000","21057.69000000","45.62432000",1655406299999,"961940.05285720",1103,"17.84053000","376144.62974200","0"
1655406300000,"21057.68000000","21062.07000000","21012.15000000","21024.84000000","51.50693000",1655406359999,"1083080.85807270",946,"20.42204000","429438.24763930","0"
1655406360000,"21024.84000000","21041.13000000","21000.00000000","21027.97000000","31.85817000",1655406419999,"669761.25278790",881,"16.56090000","348172.26318840","0"
1655406420000,"21027.97000000","21040.42000000","21000.00000000","21021.34000000","67.04587000",1655406479999,"1409343.50883070",1090,"31.21989000","656208.02814630","0"
1655406480000,"21021.33000000","21023.57000000","21000.50000000","21023.53000000","15.02684000",1655406539999,"315753.33260770",502,"6.89015000","144757.09557880","0"
1655406540000,"21023.53000000","21105.32000000","21023.53000000","21100.83000000","42.34183000",1655406599999,"891866.44099170",1063,"28.00512000","589911.85170050","0"
1655406600000,"21100.35000000","21130.84000000","21062.27000000","21066.68000000","60.81312000",1655406659999,"1283382.20395310",1375,"27.41128000","578507.49478940","0"
1655406660000,"21066.68000000","21075.00000000","21054.75000000","21062.75000000","30.38872000",1655406719999,"640119.34780400",707,"14.69884000","309602.44744280","0"
1655406720000,"21062.74000000","21070.88000000","20977.58000000","20989.76000000","184.62726000",1655406779999,"3881731.65123910",2052,"48.56151000","1020672.28923730","0"
1655406780000,"20989.76000000","20990.90000000","20953.61000000","20966.61000000","67.05970000",1655406839999,"1406156.22497830",1212,"23.27652000","488045.04596590","0"
1655406840000,"20966.61000000","21016.40000000","20954.28000000","20983.50000000","45.54464000",1655406899999,"956034.83343120",939,"27.10273000","568885.64605110","0"
1655406900000,"20983.50000000","21006.41000000","20932.92000000","20955.52000000","76.79956000",1655406959999,"1610221.98737080",1443,"26.31559000","551895.09898180","0"
1655406960000,"20955.52000000","20978.78000000","20950.37000000","20960.70000000","38.60020000",1655407019999,"809193.89175190",1092,"24.54187000","514504.65169290","0"
1655407020000,"20960.69000000","21028.91000000","20957.00000000","21024.70000000","35.31656000",1655407079999,"741197.81189620",919,"16.43587000","344934.94276280","0"
1655407080000,"21024.70000000","21025.38000000","21000.92000000","21011.33000000","23.25738000",1655407139999,"488749.04692550",715,"9.77671000","205439.81864250","0"
1655407140000,"21011.32000000","21050.48000000","21011.32000000","21046.65000000","55.07443000",1655407199999,"1158375.49244500",939,"31.60702000","664822.40344850","0"
1655407200000,"21046.65000000","21083.19000000","21038.06000000","21076.24000000","59.39376000",1655407259999,"1251145.95550170",1216,"34.07826000","717884.92692430","0"
1655407260000,"21076.23000000","21076.24000000","21048.32000000","21048.33000000","20.41493000",1655407319999,"429907.29732530",634,"10.12677000","213241.34402410","0"
1655407320000,"21048.32000000","21080.74000000","21038.67000000","21051.25000000","23.68074000",1655407379999,"498888.38680700",773,"11.69071000","246307.07117030","0"
1655407380000,"21051.25000000","21079.15000000","21038.68000000","21061.86000000","29.55353000",1655407439999,"622447.31386620",619,"18.86812000","397382.66188090","0"
1655407440000,"21061.86000000","21076.00000000","21049.99000000","21054.49000000","21.88727000",1655407499999,"460961.85530990",578,"9.45018000","199017.90570950","0"
1655407500000,"21054.48000000","21076.00000000","21033.62000000","21076.00000000","23.80994000",1655407559999,"501224.85139290",729,"10.96117000","230763.71591940","0"
1655407560000,"21075.99000000","21083.74000000","21072.08000000","21073.61000000","18.64946000",1655407619999,"393099.67475900",560,"8.94179000","188475.96935400","0"
1655407620000,"21073.61000000","21093.60000000","21073.61000000","21079.90000000","23.12000000",1655407679999,"487487.58512050",700,"12.59009000","265434.32594560","0"
1655407680000,"21079.91000000","21092.31000000","21067.44000000","21074.12000000","17.82708000",1655407739999,"375799.51956590",499,"7.18914000","151547.01316500","0"
1655407740000,"21074.12000000","21088.70000000","21058.57000000","21072.61000000","69.13316000",1655407799999,"1456826.01102630",841,"19.95542000","420590.87604710","0"
1655407800000,"21072.61000000","21099.99000000","21039.39000000","21070.48000000","24.86425000",1655407859999,"523975.96769600",825,"13.61312000","286870.12901270","0"
1655407860000,"21070.49000000","21088.21000000","21045.06000000","21078.61000000","47.81660000",1655407919999,"1007511.50201510",767,"36.31474000","765139.82488070","0"
1655407920000,"21078.62000000","21078.62000000","21023.29000000","21041.22000000","21.60261000",1655407979999,"454730.72241980",775,"10.32035000","217227.97332840","0"
1655407980000,"21041.22000000","21044.56000000","21008.18000000","21016.73000000","47.65638000",1655408039999,"1001727.89381740",707,"27.58131000","579692.54535620","0"
1655408040000,"21016.73000000","21016.73000000","20945.00000000","20945.00000000","50.17203000",1655408099999,"1052446.95208490",1276,"20.60648000","432250.81767440","0"
1655408100000,"20945.00000000","20972.92000000","20940.52000000","20955.58000000","48.17543000",1655408159999,"1009573.95951170",1310,"19.48669000","408393.36903460","0"
1655408160000,"20955.58000000","20958.16000000","20862.05000000","20881.60000000","216.46127000",1655408219999,"4525136.87040520",3180,"56.88089000","1188755.88747600","0"
1655408220000,"20881.60000000","20922.88000000","20866.01000000","20882.81000000","123.10901000",1655408279999,"2571304.20758040",1726,"64.83786000","1354043.88709910","0"
1655408280000,"20882.81000000","20949.38000000","20878.82000000","20947.46000000","74.49115000",1655408339999,"1557743.89520060",1268,"45.85551000","958755.90839330","0"
1655408340000,"20947.46000000","20959.56000000","20892.30000000","20912.61000000","60.63466000",1655408399999,"1268342.68732100",1169,"27.62246000","577735.53098300","0"
1655408400000,"20912.60000000","20964.18000000","20912.60000000","20964.17000000","41.43376000",1655408459999,"867748.13057130",873,"27.36158000","572937.19094450","0"
1655408460000,"20964.18000000","20989.73000000","20944.72000000","20948.70000000","99.30970000",1655408519999,"2083204.12304070",1243,"43.92745000","921314.98445630","0"
1655408520000,"20948.70000000","20975.42000000","20917.07000000","20955.39000000","97.14029000",1655408579999,"2034205.61638060",1239,"70.69145000","1480198.22959190","0"
1655408580000,"20955.35000000","20972.20000000","20941.78000000","20946.74000000","28.82594000",1655408639999,"604125.33802490",884,"15.72497000","329565.50202640","0"
1655408640000,"20946.74000000","20949.90000000","20916.75000000","20922.48000000","38.66550000",1655408699999,"809258.46564140",933,"22.77271000","476619.28250320","0"
1655408700000,"20922.48000000","20965.05000000","20916.00000000","20933.12000000","44.68069000",1655408759999,"935629.80972710",1184,"20.82696000","436100.49299870","0"
1655408760000,"20933.11000000","20933.23000000","20891.09000000","20891.09000000","46.83774000",1655408819999,"979372.44881180",954,"12.85590000","268825.60273160","0"
1655408820000,"20891.09000000","20924.97000000","20887.84000000","20895.54000000","56.65244000",1655408879999,"1184063.31841350",962,"34.60090000","723158.63525900","0"
1655408880000,"20895.55000000","20927.74000000","20891.09000000","20891.09000000","31.05533000",1655408939999,"649244.96658270",923,"15.15522000","316792.36807170","0"
1655408940000,"20891.09000000","20896.62000000","20860.43000000","20885.99000000","50.54743000",1655408999999,"1055436.49205440",1085,"14.21918000","296923.30604350","0"
1655409000000,"20886.00000000","20938.77000000","20876.77000000","20929.78000000","57.18041000",1655409059999,"1195281.40460650",1328,"33.55347000","701313.09180900","0"
1655409060000,"20929.78000000","20929.78000000","20871.86000000","20876.46000000","49.29246000",1655409119999,"1030038.35370500",980,"15.16436000","316862.38781160","0"
1655409120000,"20876.45000000","20916.37000000","20873.11000000","20900.14000000","54.69722000",1655409179999,"1142909.27601900",1028,"27.99052000","584860.03835690","0"
1655409180000,"20900.15000000","20908.04000000","20880.08000000","20886.48000000","42.88242000",1655409239999,"896100.67655510",909,"16.10676000","336548.84255350","0"
1655409240000,"20886.48000000","20919.31000000","20877.32000000","20919.31000000","34.45682000",1655409299999,"720048.68876410",788,"23.26156000","486117.90156590","0"
1655409300000,"20919.30000000","20922.64000000","20870.69000000","20876.80000000","67.77173000",1655409359999,"1415571.41090760",1189,"25.96850000","542435.44029170","0"
1655409360000,"20876.80000000","20901.98000000","20872.66000000","20887.12000000","25.16297000",1655409419999,"525523.07437880",754,"15.40341000","321672.39799950","0"
1655409420000,"20887.13000000","20911.53000000","20883.44000000","20891.59000000","24.04620000",1655409479999,"502491.92613930",716,"14.94263000","312245.83747360","0"
1655409480000,"20891.59000000","20892.28000000","20863.25000000","20870.02000000","69.47276000",1655409539999,"1450248.84050890",1001,"17.98694000","375438.75886090","0"
1655409540000,"20870.01000000","20888.55000000","20860.01000000","20875.48000000","48.12198000",1655409599999,"1004346.51903130",1007,"24.71799000","515885.45633040","0"
1655409600000,"20875.48000000","20944.88000000","20860.00000000","20944.88000000","81.91279000",1655409659999,"1711846.01560370",1269,"57.13785000","1194475.60051350","0"
1655409660000,"20944.88000000","20992.22000000","20935.09000000","20969.28000000","77.22035000",1655409719999,"1619482.57197730",1638,"44.80606000","939688.17845950","0"
1655409720000,"20969.29000000","21000.00000000","20964.84000000","20987.33000000","47.54124000",1655409779999,"997599.43865820",1095,"27.27010000","572235.98309230","0"
1655409780000,"20988.39000000","21022.99000000","20980.00000000","20980.01000000","140.39339000",1655409839999,"2948109.17618890",1298,"99.33780000","2085794.01599850","0"
1655409840000,"20980.01000000","21006.83000000","20980.00000000","21003.23000000","30.42523000",1655409899999,"638770.99971160",901,"16.17581000","339613.83499190","0"
1655409900000,"21003.23000000","21032.54000000","21000.00000000","21016.58000000","67.31806000",1655409959999,"1415250.17707120",971,"21.31345000","447988.57344670","0"
1655409960000,"21011.23000000","21027.05000000","20990.83000000","21017.22000000","35.70502000",1655410019999,"749927.15930570",815,"14.02259000","294515.44250970","0"
1655410020000,"21017.21000000","21023.00000000","21002.50000000","21009.40000000","19.44727000",1655410079999,"408667.41270400",499,"5.99600000","126003.06057470","0"
1655410080000,"21009.40000000","21027.57000000","20997.36000000","21026.07000000","26.25946000",1655410139999,"551787.16495720",633,"12.67630000","266354.81922790","0"
1655410140000,"21026.08000000","21026.08000000","20967.36000000","20969.52000000","58.06368000",1655410199999,"1219068.57254040",856,"32.13665000","674845.63118240","0"
1655410200000,"20969.52000000","20998.37000000","20959.19000000","20996.14000000","21.11095000",1655410259999,"442747.97253940",667,"10.38315000","217754.27623100","0"
1655410260000,"20996.15000000","21027.49000000","20988.09000000","21005.65000000","29.34382000",1655410319999,"616357.29009920",627,"14.09523000","296124.12632310","0"
1655410320000,"21005.64000000","21022.27000000","20994.13000000","21009.49000000","21.04435000",1655410379999,"442136.64205180",710,"9.03691000","189865.18160430","0"
1655410380000,"21006.58000000","21011.84000000","20983.11000000","21009.62000000","29.30240000",1655410439999,"615201.46352910",726,"14.55199000","305520.18396800","0"
1655410440000,"21009.61000000","21024.99000000","21004.74000000","21007.36000000","19.89341000",1655410499999,"418072.76158350",712,"11.36545000","238855.40945840","0"
1655410500000,"21007.36000000","21035.99000000","20990.07000000","21020.45000000","47.22652000",1655410559999,"992572.66430210",1014,"31.92909000","670990.07801990","0"
1655410560000,"21020.45000000","21033.81000000","21009.92000000","21029.76000000","44.13634000",1655410619999,"927990.83620240",815,"19.60619000","412234.89028870","0"
1655410620000,"21032.21000000","21048.38000000","21024.09000000","21030.01000000","50.70035000",1655410679999,"1066692.35478870",977,"32.91733000","692566.60112890","0"
1655410680000,"21030.01000000","21030.01000000","21013.11000000","21020.46000000","21.09151000",1655410739999,"443363.25155220",594,"6.96671000","146438.86380090","0"
1655410740000,"21020.18000000","21020.18000000","20984.33000000","20984.33000000","23.36086000",1655410799999,"490587.39046370",673,"9.17856000","192759.35852390","0"
1655410800000,"20984.34000000","20998.66000000","20964.19000000","20965.44000000","47.76157000",1655410859999,"1001816.26555600",1123,"26.36767000","553052.72486090","0"
1655410860000,"20965.45000000","20984.78000000","20956.92000000","20974.71000000","19.44842000",1655410919999,"407881.55051010",577,"11.80306000","247574.28364060","0"
1655410920000,"20974.71000000","21007.90000000","20974.71000000","20978.04000000","22.55547000",1655410979999,"473487.84246820",742,"11.99414000","251768.61740390","0"
1655410980000,"20978.05000000","20978.05000000","20950.05000000","20956.22000000","23.23409000",1655411039999,"486987.83876470",806,"10.30167000","215932.77198620","0"
1655411040000,"20956.21000000","20971.19000000","20938.29000000","20955.89000000","33.54038000",1655411099999,"702771.71055530",920,"13.62203000","285431.28336210","0"
1655411100000,"20955.89000000","20968.26000000","20951.53000000","20957.07000000","49.39826000",1655411159999,"1035203.76422230",884,"21.49801000","450507.71107290","0"
1655411160000,"20957.07000000","21003.89000000","20956.37000000","20995.03000000","29.86137000",1655411219999,"626384.61447100",923,"18.37689000","385508.62175080","0"
1655411220000,"20996.38000000","20996.38000000","20972.12000000","20985.98000000","21.20127000",1655411279999,"444785.48093240",688,"5.72740000","120152.23498610","0"
1655411280000,"20985.98000000","20990.69000000","20956.87000000","20961.77000000","25.50660000",1655411339999,"534796.30694750",721,"9.48082000","198770.37653430","0"
1655411340000,"20961.77000000","20983.90000000","20956.93000000","20966.25000000","34.36214000",1655411399999,"720726.61119970",652,"13.40654000","281159.49080180","0"
1655411400000,"20966.25000000","20970.39000000","20946.21000000","20946.55000000","34.95153000",1655411459999,"732512.47702370",943,"11.35152000","237903.27104480","0"
1655411460000,"20946.22000000","20955.98000000","20935.90000000","20936.44000000","18.96172000",1655411519999,"397108.53208240",765,"10.99727000","230300.69266620","0"
1655411520000,"20936.45000000","20938.87000000","20900.00000000","20906.90000000","69.08807000",1655411579999,"1444894.75284270",1085,"40.42561000","845362.69836990","0"
1655411580000,"20906.91000000","20909.40000000","20867.23000000","20868.67000000","43.57465000",1655411639999,"909970.44543520",1009,"15.41087000","321785.11833210","0"
1655411640000,"20868.68000000","20906.91000000","20867.47000000","20887.07000000","50.30220000",1655411699999,"1050891.51483920",1038,"35.32841000","738007.88481440","0"
1655411700000,"20887.08000000","20908.68000000","20887.07000000","20888.65000000","18.69539000",1655411759999,"390711.36845470",733,"9.71839000","203104.94315920","0"
1655411760000,"20888.64000000","20889.72000000","20840.83000000","20843.37000000","52.59271000",1655411819999,"1097005.46795150",1410,"16.60865000","346444.20827570","0"
1655411820000,"20843.37000000","20851.54000000","20707.70000000","20721.76000000","220.48477000",1655411879999,"4584216.91542440",3965,"60.09627000","1249512.79101390","0"
1655411880000,"20721.76000000","20733.42000000","20571.37000000","20606.25000000","482.70871000",1655411939999,"9963049.91055630",8014,"188.95252000","3899167.89283590","0"
1655411940000,"20606.25000000","20681.46000000","20602.92000000","20643.21000000","141.00149000",1655411999999,"2911212.67545920",2984,"89.40567000","1845925.04650810","0"
1655412000000,"20643.20000000","20649.11000000","20523.00000000","20572.30000000","281.14317000",1655412059999,"5780515.08095180",4552,"104.46551000","2147406.42618300","0"
1655412060000,"20572.30000000","20616.61000000","20543.46000000","20601.70000000","84.18788000",1655412119999,"1732713.61984650",1891,"43.72109000","899772.33203340","0"
1655412120000,"20601.70000000","20607.30000000","20530.00000000","20572.14000000","78.17374000",1655412179999,"1607891.05880510",1668,"28.75934000","591585.17995730","0"
1655412180000,"20572.13000000","20600.00000000","20545.71000000","20556.64000000","54.25464000",1655412239999,"1115962.29942500",1567,"25.12776000","516861.86525080","0"
1655412240000,"20556.65000000","20584.35000000","20515.00000000","20561.56000000","168.16255000",1655412299999,"3453623.14801730",2421,"63.24250000","1298785.40342750","0"
1655412300000,"20561.55000000","20584.46000000","20502.00000000","20522.26000000","101.96273000",1655412359999,"2093307.62256670",2200,"54.13601000","1111410.82593270","0"
1655412360000,"20522.27000000","20610.50000000","20522.26000000","20595.89000000","103.31102000",1655412419999,"2125820.29134950",1609,"62.45658000","1285117.42555910","0"
1655412420000,"20595.89000000","20680.83000000","20595.89000000","20677.76000000","84.06525000",1655412479999,"1735303.59415620",1995,"44.29135000","914377.97783110","0"
1655412480000,"20677.76000000","20733.14000000","20661.32000000","20719.58000000","110.44398000",1655412539999,"2285814.78502290",1864,"71.90292000","1488369.95957580","0"
1655412540000,"20717.06000000","20728.07000000","20679.17000000","20686.58000000","57.01908000",1655412599999,"1180464.29182150",1410,"26.99956000","559013.21036750","0"
1655412600000,"20686.57000000","20716.19000000","20654.62000000","20706.77000000","42.66774000",1655412659999,"882491.90125370",1059,"24.47770000","506356.36092950","0"
1655412660000,"20706.77000000","20743.00000000","20674.83000000","20732.33000000","109.18094000",1655412719999,"2261911.08784470",1536,"64.39464000","1334203.48116870","0"
1655412720000,"20732.34000000","20742.41000000","20708.47000000","20730.53000000","35.73049000",1655412779999,"740443.51985150",819,"14.99575000","310707.04648870","0"
1655412780000,"20730.53000000","20730.54000000","20686.01000000","20701.02000000","59.56041000",1655412839999,"1233407.35081360",917,"17.55054000","363410.70210410","0"
1655412840000,"20701.02000000","20714.09000000","20681.01000000","20694.42000000","68.72112000",1655412899999,"1422593.53305210",998,"16.32809000","337990.74940390","0"
1655412900000,"20694.43000000","20718.41000000","20684.35000000","20703.55000000","60.34072000",1655412959999,"1248998.69431270",1134,"31.33065000","648490.94913110","0"
1655412960000,"20703.56000000","20703.70000000","20643.87000000","20647.09000000","48.12337000",1655413019999,"994702.17352520",1171,"22.28659000","460611.29755790","0"
1655413020000,"20647.09000000","20698.99000000","20645.66000000","20676.87000000","26.28738000",1655413079999,"543311.90178850",795,"14.33145000","296183.64880740","0"
1655413080000,"20676.86000000","20718.11000000","20676.86000000","20694.83000000","59.04061000",1655413139999,"1222315.71711440",982,"32.97176000","682622.75932900","0"
1655413140000,"20694.79000000","20717.60000000","20686.01000000","20712.58000000","62.41205000",1655413199999,"1291838.24162120",1131,"30.52448000","631820.62967360","0"
1655413200000,"20712.58000000","20716.92000000","20678.66000000","20685.50000000","36.11372000",1655413259999,"747214.69372900",827,"11.44046000","236694.27417890","0"
1655413260000,"20685.50000000","20702.49000000","20681.36000000","20698.36000000","18.05032000",1655413319999,"373517.79139340",642,"9.17800000","189913.26328470","0"
1655413320000,"20698.35000000","20719.07000000","20695.51000000","20719.07000000","24.85498000",1655413379999,"514628.62801820",673,"18.44206000","381872.23425900","0"
1655413380000,"20719.07000000","20759.75000000","20716.05000000","20753.08000000","64.50371000",1655413439999,"1337731.32985060",961,"46.05788000","955266.79448320","0"
1655413440000,"20753.08000000","20800.00000000","20748.34000000","20790.00000000","76.98137000",1655413499999,"1599516.92830510",1560,"47.42549000","985490.53051070","0"
1655413500000,"20790.01000000","20790.01000000","20771.68000000","20772.40000000","26.62313000",1655413559999,"553210.23484880",793,"15.98834000","332220.59418770","0"
1655413560000,"20772.41000000","20787.81000000","20734.69000000","20737.84000000","23.12747000",1655413619999,"480163.54380720",632,"9.34644000","194056.30302670","0"
1655413620000,"20737.84000000","20763.72000000","20737.84000000","20748.00000000","33.00272000",1655413679999,"684741.71001940",829,"20.22046000","419507.99262620","0"
1655413680000,"20748.00000000","20762.84000000","20736.70000000","20736.70000000","29.07410000",1655413739999,"603289.44210580",683,"12.09974000","251052.91658330","0"
1655413740000,"20736.71000000","20743.00000000","20696.57000000","20700.65000000","55.72309000",1655413799999,"1153993.21632600",1340,"23.16874000","479806.80141840","0"
1655413800000,"20700.64000000","20728.55000000","20699.95000000","20710.69000000","33.12496000",1655413859999,"686165.82189520",770,"18.47289000","382697.96265090","0"
1655413860000,"20710.70000000","20741.45000000","20710.09000000","20718.43000000","24.94070000",1655413919999,"516897.71488420",758,"10.08507000","209018.08136420","0"
1655413920000,"20719.81000000","20757.54000000","20708.83000000","20733.07000000","37.88382000",1655413979999,"785155.91579130",1093,"20.66979000","428452.88297200","0"
1655413980000,"20733.07000000","20747.75000000","20726.09000000","20741.90000000","21.01196000",1655414039999,"435731.52926880",729,"10.79042000","223779.12568510","0"
1655414040000,"20741.91000000","20761.64000000","20741.90000000","20761.05000000","13.89050000",1655414099999,"288292.46279440",554,"9.74141000","202168.06037200","0"
1655414100000,"20761.04000000","20790.87000000","20761.04000000","20789.90000000","18.33176000",1655414159999,"380890.49952110",736,"10.31801000","214364.51886680","0"
1655414160000,"20789.89000000","20819.12000000","20778.90000000","20816.44000000","25.64215000",1655414219999,"533214.14345730",955,"13.44125000","279531.77192200","0"
1655414220000,"20815.45000000","20828.00000000","20785.01000000","20785.01000000","23.16456000",1655414279999,"482098.12750310",776,"10.14123000","211022.58590820","0"
1655414280000,"20785.01000000","20816.83000000","20773.88000000","20773.88000000","19.09944000",1655414339999,"397124.53641670",822,"9.33105000","194000.40282330","0"
1655414340000,"20774.55000000","20803.38000000","20773.89000000","20796.38000000","15.14402000",1655414399999,"314878.74279600",581,"7.58081000","157605.45143880","0"
1655414400000,"20796.37000000","20805.53000000","20783.35000000","20796.38000000","23.06909000",1655414459999,"479759.26488590",570,"7.34815000","152823.61865470","0"
1655414460000,"20796.41000000","20819.17000000","20794.20000000","20817.17000000","19.12182000",1655414519999,"397913.09485330",674,"10.57195000","219994.28750750","0"
1655414520000,"20817.16000000","20887.15000000","20817.16000000","20869.46000000","85.88028000",1655414579999,"1790707.64990540",1841,"54.34696000","1132921.99605690","0"
1655414580000,"20875.63000000","20915.14000000","20869.46000000","20906.57000000","47.16685000",1655414639999,"985352.53789470",1447,"27.49494000","574370.58939290","0"
1655414640000,"20906.57000000","20932.00000000","20893.43000000","20916.66000000","100.11234000",1655414699999,"2093589.71489310",1827,"50.71761000","1060590.79145360","0"
1655414700000,"20916.66000000","20929.16000000","20890.11000000","20898.41000000","42.99222000",1655414759999,"899043.18637520",913,"15.83788000","331241.99115700","0"
1655414760000,"20898.42000000","20919.81000000","20874.14000000","20878.14000000","59.36099000",1655414819999,"1240219.32882500",1287,"28.96549000","605197.39129160","0"
1655414820000,"20878.14000000","20880.16000000","20846.18000000","20851.74000000","24.69283000",1655414879999,"514984.63037410",986,"15.58061000","324925.80452810","0"
1655414880000,"20851.75000000","20894.28000000","20847.82000000","20852.63000000","71.27659000",1655414939999,"1487274.81296760",1026,"50.20044000","1047600.89783370","0"
1655414940000,"20852.64000000","20852.64000000","20844.88000000","20850.52000000","12.06807000",1655414999999,"251619.31290260",433,"2.09114000","43601.77733300","0"
1655415000000,"20850.53000000","20852.64000000","20849.73000000","20849.74000000","8.62405000",1655415059999,"179816.12438500",431,"3.33858000","69611.71531450","0"
1655415060000,"20849.75000000","20850.00000000","20849.24000000","20849.99000000","47.10788000",1655415119999,"982196.76762110",305,"43.76314000","912460.22486610","0"
1655415120000,"20850.00000000","20893.88000000","20849.99000000","20893.87000000","24.34338000",1655415179999,"507981.55892410",805,"18.50973000","386167.55569600","0"
1655415180000,"20893.88000000","20920.00000000","20892.82000000","20917.21000000","40.80375000",1655415239999,"852828.27917110",1064,"16.72299000","349567.63885960","0"
1655415240000,"20917.21000000","20925.62000000","20893.39000000","20902.64000000","33.48580000",1655415299999,"700381.31412080",940,"12.31100000","257484.16086560","0"
1655415300000,"20902.64000000","20903.49000000","20896.13000000","20903.48000000","7.41041000",1655415359999,"154869.82941160",299,"3.01103000","62923.88732770","0"
1655415360000,"20903.48000000","20905.00000000","20886.79000000","20887.83000000","15.62397000",1655415419999,"326471.31593480",377,"5.55180000","116002.74692740","0"
1655415420000,"20887.62000000","20889.10000000","20874.46000000","20875.63000000","9.48189000",1655415479999,"198005.62190170",420,"4.05470000","84672.81612860","0"
1655415480000,"20875.64000000","20876.56000000","20864.96000000","20865.24000000","7.79334000",1655415539999,"162666.19882010",308,"2.02334000","42229.90247990","0"
1655415540000,"20865.23000000","20865.85000000","20840.56000000","20844.02000000","14.48611000",1655415599999,"302107.13416160",505,"5.07135000","105760.24157520","0"
1655415600000,"20844.03000000","20844.04000000","20835.80000000","20839.71000000","21.65392000",1655415659999,"451266.59499350",746,"7.76385000","161804.57896590","0"
1655415660000,"20839.71000000","20839.74000000","20788.00000000","20788.07000000","32.01159000",1655415719999,"666359.98670320",934,"12.11030000","252078.46282750","0"
1655415720000,"20788.06000000","20883.59000000","20779.97000000","20880.45000000","54.84977000",1655415779999,"1141716.99288070",1205,"43.10455000","897174.75523830","0"
1655415780000,"20880.45000000","20880.46000000","20801.29000000","20823.69000000","36.44930000",1655415839999,"759147.41115980",1065,"18.15188000","378016.78754370","0"
1655415840000,"20823.69000000","20833.35000000","20792.95000000","20792.96000000","28.32612000",1655415899999,"589411.39874600",759,"12.41360000","258344.28838190","0"
1655415900000,"20792.96000000","20830.49000000","20778.68000000","20804.68000000","29.51178000",1655415959999,"613891.60779450",708,"18.52150000","385305.70565510","0"
1655415960000,"20804.68000000","20805.89000000","20777.44000000","20791.10000000","22.23293000",1655416019999,"462243.08152820",687,"11.77659000","244858.83385810","0"
1655416020000,"20791.11000000","20811.21000000","20782.70000000","20797.92000000","22.80056000",1655416079999,"474203.83866390",729,"10.56041000","219619.05402100","0"
1655416080000,"20797.92000000","20829.35000000","20794.85000000","20813.93000000","38.03728000",1655416139999,"791389.99255120",689,"27.78963000","578147.37368880","0"
1655416140000,"20813.94000000","20813.94000000","20770.00000000","20770.00000000","18.85127000",1655416199999,"391866.11809860",563,"9.40968000","195530.39188000","0"
1655416200000,"20770.00000000","20778.15000000","20732.95000000","20733.87000000","25.46373000",1655416259999,"528477.23003390",809,"11.56372000","239959.33451600","0"
1655416260000,"20733.86000000","20754.02000000","20711.06000000","20711.07000000","72.01602000",1655416319999,"1492965.48999820",1318,"27.96947000","579837.65566770","0"
1655416320000,"20711.07000000","20734.99000000","20683.86000000","20730.83000000","43.05033000",1655416379999,"891391.63424370",988,"14.48400000","299887.17636100","0"
1655416380000,"20730.84000000","20768.51000000","20730.83000000","20751.04000000","42.33271000",1655416439999,"878385.81672700",868,"26.55141000","550932.46588630","0"
1655416440000,"20751.04000000","20764.53000000","20720.99000000","20732.43000000","27.67420000",1655416499999,"573946.27486110",615,"14.12015000","292836.47159090","0"
1655416500000,"20732.43000000","20732.43000000","20711.68000000","20716.48000000","22.84613000",1655416559999,"473304.86677410",442,"7.61739000","157785.52901440","0"
1655416560000,"20716.48000000","20746.20000000","20712.36000000","20715.77000000","37.92921000",1655416619999,"786275.21848170",602,"13.70675000","284151.81277740","0"
1655416620000,"20715.76000000","20716.19000000","20660.15000000","20665.95000000","68.22771000",1655416679999,"1411928.60874960",1099,"18.32839000","379259.06720380","0"
1655416680000,"20665.94000000","20694.90000000","20660.16000000","20660.16000000","28.13962000",1655416739999,"581793.02332340",617,"11.21084000","231761.26957590","0"
1655416740000,"20660.17000000","20686.54000000","20631.01000000","20685.50000000","47.76387000",1655416799999,"986400.24364160",985,"20.72731000","427985.39982510","0"
1655416800000,"20685.50000000","20703.90000000","20657.98000000","20657.98000000","63.63674000",1655416859999,"1316419.15327230",956,"29.10438000","601973.53148160","0"
1655416860000,"20657.99000000","20678.93000000","20642.37000000","20675.29000000","76.92907000",1655416919999,"1589057.57459220",844,"39.13120000","808223.58430990","0"
1655416920000,"20675.29000000","20707.78000000","20669.12000000","20677.76000000","47.71837000",1655416979999,"987091.38957080",793,"26.92090000","556863.34517410","0"
1655416980000,"20677.76000000","20687.81000000","20651.91000000","20666.24000000","76.20838000",1655417039999,"1574928.21518500",833,"40.13007000","829279.00953760","0"
1655417040000,"20666.25000000","20666.25000000","20626.41000000","20649.59000000","54.88348000",1655417099999,"1133013.51454580",800,"25.95372000","535769.95981790","0"
1655417100000,"20649.59000000","20649.60000000","20621.86000000","20643.46000000","55.08192000",1655417159999,"1136519.42851640",703,"23.91318000","493388.34806570","0"
1655417160000,"20643.45000000","20671.35000000","20598.01000000","20612.18000000","114.85451000",1655417219999,"2368911.40958720",1519,"51.95342000","1071444.57044020","0"
1655417220000,"20612.18000000","20627.05000000","20590.99000000","20627.05000000","50.98342000",1655417279999,"1050730.20022110",749,"26.31899000","542408.94274720","0"
1655417280000,"20627.05000000","20628.57000000","20572.40000000","20572.95000000","98.88277000",1655417339999,"2036691.93783520",1134,"27.04066000","556817.34101620","0"
1655417340000,"20572.95000000","20588.58000000","20547.19000000","20564.84000000","85.68828000",1655417399999,"1762368.32860170",1200,"34.70534000","713784.85735330","0"
1655417400000,"20564.83000000","20567.28000000","20525.98000000","20535.84000000","106.92880000",1655417459999,"2197095.74845550",1068,"33.57612000","689877.81606740","0"
1655417460000,"20535.85000000","20593.07000000","20535.84000000","20557.48000000","73.35992000",1655417519999,"1509074.76189430",1031,"38.92171000","800469.46905520","0"
1655417520000,"20557.47000000","20592.17000000","20555.61000000","20569.43000000","98.97453000",1655417579999,"2036952.37796810",955,"34.47065000","709179.30297580","0"
1655417580000,"20569.44000000","20589.86000000","20538.85000000","20540.69000000","73.03795000",1655417639999,"1502016.63007060",952,"35.32948000","726509.83765070","0"
1655417640000,"20540.69000000","20551.43000000","20510.00000000","20530.26000000","98.27170000",1655417699999,"2017258.14574570",1242,"47.31990000","971209.30618230","0"
1655417700000,"20530.26000000","20554.60000000","20522.28000000","20534.66000000","61.11114000",1655417759999,"1255126.11687490",842,"27.43274000","563315.28182390","0"
1655417760000,"20534.67000000","20562.20000000","20534.66000000","20535.35000000","50.99167000",1655417819999,"1047960.90069500",738,"24.63104000","506190.38677110","0"
1655417820000,"20535.35000000","20560.61000000","20535.35000000","20558.15000000","41.88362000",1655417879999,"860795.18157760",566,"27.61524000","567541.49719910","0"
1655417880000,"20558.15000000","20625.28000000","20558.14000000","20591.63000000","81.89159000",1655417939999,"1686751.52700280",1123,"51.03623000","1051156.22565750","0"
1655417940000,"20591.63000000","20643.45000000","20574.35000000","20574.35000000","73.58003000",1655417999999,"1516349.56485640",1030,"34.16085000","703969.93943370","0"
1655418000000,"20574.36000000","20611.74000000","20549.70000000","20602.61000000","75.23732000",1655418059999,"1548302.14646390",1048,"38.07511000","783645.79427780","0"
1655418060000,"20602.60000000","20640.84000000","20602.60000000","20627.25000000","48.57635000",1655418119999,"1001813.11274200",809,"25.95466000","535235.14122130","0"
1655418120000,"20627.25000000","20627.25000000","20589.56000000","20598.57000000","47.60004000",1655418179999,"980829.77637280",812,"21.06135000","433923.48256790","0"
1655418180000,"20598.58000000","20598.58000000","20575.44000000","20592.21000000","44.64937000",1655418239999,"919124.95099010",695,"14.63060000","301172.29738520","0"
1655418240000,"20592.21000000","20609.08000000","20580.94000000","20603.23000000","48.27035000",1655418299999,"994194.25991440",772,"28.28953000","582611.21706500","0"
1655418300000,"20603.22000000","20603.23000000","20583.03000000","20592.34000000","32.45893000",1655418359999,"668530.49657510",556,"20.76533000","427648.68710860","0"
1655418360000,"20592.34000000","20619.88000000","20584.04000000","20619.88000000","42.04507000",1655418419999,"865924.52116090",603,"23.01162000","473911.96365110","0"
1655418420000,"20619.87000000","20623.50000000","20596.12000000","20623.11000000","49.18818000",1655418479999,"1013755.60790190",732,"16.68812000","343892.08820940","0"
1655418480000,"20623.12000000","20623.14000000","20571.91000000","20571.91000000","30.84654000",1655418539999,"635326.43136990",791,"11.08862000","228228.89063510","0"
1655418540000,"20571.91000000","20606.09000000","20571.91000000","20597.72000000","34.67321000",1655418599999,"713962.58562480",703,"17.39774000","358162.31756970","0"
1655418600000,"20597.72000000","20606.60000000","20560.26000000","20560.26000000","110.87655000",1655418659999,"2282037.79958670",842,"65.86723000","1355458.61532920","0"
1655418660000,"20560.27000000","20601.93000000","20560.00000000","20587.50000000","39.03952000",1655418719999,"803682.55583680",690,"22.11342000","455130.15491610","0"
1655418720000,"20587.50000000","20661.63000000","20587.50000000","20661.63000000","93.04248000",1655418779999,"1919436.60432480",1295,"65.66218000","1354423.56000050","0"
1655418780000,"20661.63000000","20671.94000000","20630.75000000","20663.82000000","65.58457000",1655418839999,"1354191.84949290",984,"36.23455000","748131.48481600","0"
1655418840000,"20663.83000000","20667.18000000","20649.62000000","20656.17000000","29.93816000",1655418899999,"618471.01496420",548,"17.13097000","353883.91073350","0"
1655418900000,"20656.18000000","20664.61000000","20629.23000000","20661.99000000","48.06894000",1655418959999,"992686.75272560",649,"21.60257000","446051.87783780","0"
1655418960000,"20661.99000000","20662.00000000","20655.00000000","20658.15000000","30.87484000",1655419019999,"637865.05811320",445,"13.86380000","286408.25012460","0"
1655419020000,"20658.15000000","20660.43000000","20637.73000000","20645.63000000","26.48145000",1655419079999,"546908.92665330",488,"9.64871000","199238.24810330","0"
1655419080000,"20645.64000000","20658.11000000","20641.19000000","20649.80000000","25.12279000",1655419139999,"518850.60341430",387,"8.63554000","178325.85489850","0"
1655419140000,"20649.80000000","20660.89000000","20644.14000000","20660.89000000","63.94371000",1655419199999,"1320478.21599860",463,"52.78738000","1090080.99852170","0"
1655419200000,"20660.89000000","20660.89000000","20643.91000000","20643.92000000","23.78709000",1655419259999,"491283.04555460",360,"9.49529000","196077.54814500","0"
1655419260000,"20643.93000000","20643.93000000","20590.34000000","20599.12000000","60.53314000",1655419319999,"1247833.29899620",772,"22.82893000","470503.83163020","0"
1655419320000,"20599.12000000","20599.13000000","20560.00000000","20568.46000000","31.97817000",1655419379999,"657909.46306860",711,"15.99342000","328997.49163730","0"
1655419380000,"20568.45000000","20568.46000000","20528.14000000","20543.41000000","83.45612000",1655419439999,"1714646.83257390",1049,"46.07767000","946562.17780910","0"
1655419440000,"20543.41000000","20550.88000000","20521.38000000","20540.68000000","79.16061000",1655419499999,"1626011.37975410",867,"25.10684000","515737.74573840","0"
1655419500000,"20540.67000000","20587.98000000","20527.05000000","20577.01000000","51.62611000",1655419559999,"1061617.32943240",838,"26.63666000","547623.10077300","0"
1655419560000,"20577.02000000","20597.19000000","20573.53000000","20577.02000000","38.51837000",1655419619999,"792830.41416350",658,"21.02235000","432709.83674940","0"
1655419620000,"20577.02000000","20582.32000000","20482.00000000","20482.01000000","294.99568000",1655419679999,"6049098.02562200",3874,"47.88659000","982112.63625880","0"
1655419680000,"20482.01000000","20521.27000000","20451.00000000","20502.66000000","174.23246000",1655419739999,"3568937.35205240",2030,"72.66936000","1488843.13571430","0"
1655419740000,"20502.66000000","20538.16000000","20487.85000000","20498.40000000","90.56106000",1655419799999,"1857515.98597100",1009,"36.76133000","753942.42809890","0"
1655419800000,"20498.40000000","20506.47000000","20435.00000000","20451.61000000","215.54218000",1655419859999,"4412864.71733360",1935,"119.68278000","2451261.20434860","0"
1655419860000,"20451.61000000","20451.61000000","20380.00000000","20388.91000000","340.77744000",1655419919999,"6953471.43621470",3781,"104.59285000","2133894.27652100","0"
1655419920000,"20388.91000000","20416.53000000","20374.13000000","20403.87000000","107.98192000",1655419979999,"2202402.15748790",1571,"44.74965000","912828.86364380","0"
1655419980000,"20403.88000000","20437.81000000","20390.30000000","20436.59000000","86.57845000",1655420039999,"1767473.81331660",1221,"46.05902000","940309.54065020","0"
1655420040000,"20436.59000000","20444.77000000","20395.98000000","20404.02000000","77.07996000",1655420099999,"1574226.79245730",1052,"28.96094000","591479.11990110","0"
1655420100000,"20404.02000000","20408.64000000","20361.07000000","20372.74000000","105.83737000",1655420159999,"2157169.07007730",1757,"52.17851000","1063282.87753120","0"
1655420160000,"20372.88000000","20422.31000000","20371.29000000","20412.27000000","65.64800000",1655420219999,"1339095.50837380",1164,"30.54667000","623137.59742030","0"
1655420220000,"20412.27000000","20423.41000000","20391.44000000","20401.53000000","42.48328000",1655420279999,"867126.29936400",899,"22.40648000","457324.28732980","0"
1655420280000,"20401.53000000","20410.97000000","20353.97000000","20356.91000000","80.88234000",1655420339999,"1647942.33495110",1130,"32.29711000","657973.50946840","0"
1655420340000,"20356.91000000","20405.92000000","20343.22000000","20364.99000000","98.60728000",1655420399999,"2008386.51695290",1406,"34.06534000","693741.71976210","0"
1655420400000,"20364.98000000","20423.04000000","20355.94000000","20421.93000000","232.64010000",1655420459999,"4738722.66777970",1265,"208.98107000","4256510.72203020","0"
1655420460000,"20421.94000000","20437.39000000","20400.00000000","20433.60000000","44.56061000",1655420519999,"909872.03966810",1062,"26.93220000","549920.97276080","0"
1655420520000,"20433.59000000","20433.60000000","20411.37000000","20414.46000000","32.83677000",1655420579999,"670594.16220780",739,"15.56605000","317847.55469440","0"
1655420580000,"20414.46000000","20416.02000000","20350.61000000","20361.25000000","67.05591000",1655420639999,"1366477.30153740",1107,"28.05105000","571521.74822220","0"
1655420640000,"20361.26000000","20363.58000000","20320.53000000","20349.75000000","140.05503000",1655420699999,"2848623.51219840",1759,"47.69862000","970142.94338530","0"
1655420700000,"20349.76000000","20386.30000000","20349.75000000","20359.13000000","110.24421000",1655420759999,"2244827.17454490",1102,"68.42957000","1393063.13125540","0"
1655420760000,"20359.14000000","20359.14000000","20305.44000000","20317.90000000","154.67908000",1655420819999,"3143931.96646770",1467,"29.38935000","597511.89793260","0"
1655420820000,"20317.90000000","20346.38000000","20300.69000000","20311.63000000","106.63037000",1655420879999,"2166286.22906380",1363,"50.04917000","1017005.30069660","0"
1655420880000,"20311.62000000","20328.32000000","20300.00000000","20305.87000000","81.92191000",1655420939999,"1663974.65565260",1020,"36.32160000","737739.10224460","0"
1655420940000,"20305.87000000","20348.35000000","20290.99000000","20348.35000000","284.73735000",1655420999999,"5782066.39896180",2123,"77.83334000","1581322.43184980","0"
1655421000000,"20348.34000000","20361.88000000","20301.13000000","20303.71000000","56.26074000",1655421059999,"1144432.28049020",1001,"19.84848000","403765.07110800","0"
1655421060000,"20303.71000000","20309.67000000","20267.00000000","20275.06000000","166.73095000",1655421119999,"3381905.78142570",1733,"61.61220000","1249483.03655310","0"
1655421120000,"20275.05000000","20290.43000000","20260.20000000","20270.51000000","229.45303000",1655421179999,"4651049.43624720",1638,"47.82083000","969391.42294710","0"
1655421180000,"20270.51000000","20288.28000000","20254.00000000","20261.68000000","198.59921000",1655421239999,"4024024.40471460",1479,"30.04874000","608865.28786360","0"
1655421240000,"20261.67000000","20288.00000000","20254.00000000","20271.86000000","85.81190000",1655421299999,"1739024.19755200",1070,"28.18699000","571287.88054360","0"
1655421300000,"20271.86000000","20282.42000000","20240.37000000","20245.83000000","184.07909000",1655421359999,"3728302.10115880",1785,"51.30999000","1039292.95739390","0"
1655421360000,"20245.83000000","20336.98000000","20241.12000000","20330.88000000","217.08236000",1655421419999,"4406970.01356240",1805,"98.30885000","1995953.63948350","0"
1655421420000,"20330.87000000","20340.90000000","20284.87000000","20290.12000000","53.04499000",1655421479999,"1077436.93600230",910,"26.66736000","541545.14357370","0"
1655421480000,"20290.12000000","20298.41000000","20250.00000000","20265.96000000","106.53984000",1655421539999,"2158494.41528700",1015,"44.49503000","901641.30639430","0"
1655421540000,"20265.95000000","20274.69000000","20237.29000000","20237.29000000","72.31325000",1655421599999,"1464460.27884710",855,"15.21233000","308089.62960180","0"
1655421600000,"20237.29000000","20298.02000000","20234.37000000","20292.78000000","87.18629000",1655421659999,"1766063.63466810",1113,"66.90046000","1354946.25072220","0"
1655421660000,"20292.79000000","20312.73000000","20257.72000000","20259.68000000","209.25403000",1655421719999,"4246587.16607980",1217,"152.54000000","3096112.14646010","0"
1655421720000,"20259.68000000","20272.75000000","20252.34000000","20267.57000000","74.67398000",1655421779999,"1513240.57875620",885,"46.64231000","945258.70005220","0"
1655421780000,"20267.56000000","20269.66000000","20235.01000000","20239.39000000","163.01536000",1655421839999,"3300341.12351430",926,"20.29524000","410876.43209610","0"
1655421840000,"20239.38000000","20258.55000000","20232.00000000","20242.21000000","79.42994000",1655421899999,"1607880.78463210",859,"33.79358000","684123.61913690","0"
1655421900000,"20242.22000000","20296.85000000","20242.21000000","20296.85000000","83.74544000",1655421959999,"1697928.27412160",826,"57.07722000","1157092.01370410","0"
1655421960000,"20296.84000000","20298.85000000","20255.59000000","20279.25000000","58.35205000",1655422019999,"1183476.03365960",900,"31.46164000","638001.52567870","0"
1655422020000,"20279.71000000","20300.00000000","20277.03000000","20295.58000000","46.77936000",1655422079999,"949174.61239630",772,"28.34218000","575078.95746690","0"
1655422080000,"20295.58000000","20300.00000000","20288.83000000","20298.98000000","41.11919000",1655422139999,"834592.48678030",691,"22.02220000","446982.73252630","0"
1655422140000,"20298.98000000","20399.84000000","20298.98000000","20399.84000000","277.61078000",1655422199999,"5646649.25835300",2398,"218.01576000","4432636.09178480","0"
1655422200000,"20399.83000000","20405.61000000","20326.54000000","20343.45000000","57.93471000",1655422259999,"1179865.94471820",1135,"24.07614000","490363.60517980","0"
1655422260000,"20343.45000000","20436.78000000","20343.45000000","20433.37000000","150.50680000",1655422319999,"3067934.22563770",1573,"87.03823000","1774601.33216560","0"
1655422320000,"20433.37000000","20492.52000000","20417.05000000","20452.86000000","171.32561000",1655422379999,"3505145.12966820",1970,"104.54583000","2139412.80586890","0"
1655422380000,"20452.85000000","20456.84000000","20380.60000000","20399.52000000","62.46643000",1655422439999,"1275911.56022140",1270,"24.82601000","506901.61703720","0"
1655422440000,"20399.52000000","20400.00000000","20350.01000000","20357.01000000","63.74181000",1655422499999,"1298600.41867650",963,"30.33536000","617924.96612200","0"
1655422500000,"20357.01000000","20388.09000000","20341.32000000","20357.02000000","50.55139000",1655422559999,"1028988.25758990",1003,"16.59748000","337861.20486440","0"
1655422560000,"20357.02000000","20380.88000000","20353.14000000","20374.57000000","158.55981000",1655422619999,"3229373.16964530",932,"108.11672000","2201849.51199980","0"
1655422620000,"20374.57000000","20388.05000000","20344.56000000","20388.05000000","31.84285000",1655422679999,"648579.82027080",626,"9.81363000","199895.38358140","0"
1655422680000,"20388.04000000","20388.07000000","20300.14000000","20336.79000000","55.91233000",1655422739999,"1137439.91698350",865,"24.47023000","497639.09914400","0"
1655422740000,"20336.78000000","20336.79000000","20280.59000000","20292.71000000","111.37656000",1655422799999,"2261831.40049590",1168,"25.19627000","511577.02319570","0"
1655422800000,"20292.70000000","20315.61000000","20269.20000000","20272.55000000","94.82127000",1655422859999,"1924750.59323520",1279,"31.49510000","639204.53945980","0"
1655422860000,"20272.54000000","20304.88000000","20271.90000000","20296.54000000","46.39352000",1655422919999,"941154.16902040",795,"30.48998000","618503.38970090","0"
1655422920000,"20296.54000000","20338.88000000","20296.54000000","20325.68000000","46.39889000",1655422979999,"943050.08647660",784,"32.10943000","652632.68053170","0"
1655422980000,"20325.68000000","20325.68000000","20250.00000000","20306.62000000","191.46108000",1655423039999,"3884196.61540210",1207,"33.23957000","674624.58965490","0"
1655423040000,"20306.62000000","20314.69000000","20281.18000000","20283.10000000","26.41912000",1655423099999,"536230.24139370",616,"10.43845000","211858.53760310","0"
1655423100000,"20283.10000000","20357.43000000","20255.04000000","20351.19000000","77.50546000",1655423159999,"1574145.65802160",1426,"49.83583000","1012215.54541270","0"
1655423160000,"20351.19000000","20356.91000000","20320.63000000","20335.65000000","38.53240000",1655423219999,"783763.70971220",883,"19.68286000","400337.19194090","0"
1655423220000,"20335.65000000","20350.00000000","20297.35000000","20316.98000000","39.23290000",1655423279999,"797357.77781760",771,"19.73799000","401168.02103160","0"
1655423280000,"20316.98000000","20348.24000000","20316.98000000","20348.22000000","91.32355000",1655423339999,"1857190.53405240",824,"69.72947000","1418099.54789230","0"
1655423340000,"20348.22000000","20368.54000000","20341.58000000","20368.54000000","25.40678000",1655423399999,"517136.82983520",655,"13.90621000","283043.27412050","0"
1655423400000,"20368.54000000","20381.33000000","20338.23000000","20346.35000000","30.17338000",1655423459999,"614394.93793680",647,"17.66330000","359676.88761280","0"
1655423460000,"20346.36000000","20348.28000000","20326.68000000","20334.07000000","27.43081000",1655423519999,"557845.46004350",574,"12.56828000","255581.42611060","0"
1655423520000,"20334.08000000","20359.37000000","20331.19000000","20359.36000000","19.56569000",1655423579999,"398112.25277470",515,"14.32327000","291457.27931730","0"
1655423580000,"20359.36000000","20370.12000000","20348.15000000","20361.41000000","19.81346000",1655423639999,"403374.17121080",568,"11.73446000","238879.67060690","0"
1655423640000,"20358.25000000","20395.00000000","20358.25000000","20389.29000000","16.59506000",1655423699999,"338196.08208830",598,"8.74748000","178261.00984760","0"
1655423700000,"20389.29000000","20427.97000000","20385.63000000","20385.64000000","194.83897000",1655423759999,"3976013.01971470",1639,"152.44319000","3111066.08157180","0"
1655423760000,"20385.63000000","20385.64000000","20363.43000000","20374.21000000","46.35487000",1655423819999,"944499.62775600",686,"14.16181000","288517.75604980","0"
1655423820000,"20374.20000000","20428.14000000","20366.46000000","20407.06000000","70.49964000",1655423879999,"1438171.45696180",820,"53.61564000","1093880.36386150","0"
1655423880000,"20407.06000000","20407.07000000","20364.14000000","20370.27000000","41.11068000",1655423939999,"837672.93829740",671,"11.60403000","236463.10231490","0"
1655423940000,"20370.27000000","20407.00000000","20370.27000000","20401.31000000","18.92736000",1655423999999,"386063.44021010",550,"12.70190000","259089.31700750","0"
1655424000000,"20400.60000000","20424.66000000","20361.77000000","20363.83000000","48.86941000",1655424059999,"997017.81609270",1291,"19.22816000","392298.79927110","0"
1655424060000,"20363.84000000","20369.52000000","20323.44000000","20369.52000000","35.23388000",1655424119999,"716776.16962830",1168,"20.73858000","421879.10540680","0"
1655424120000,"20369.52000000","20369.52000000","20308.39000000","20308.40000000","84.44686000",1655424179999,"1717764.30128000",1276,"27.00989000","549394.59555200","0"
1655424180000,"20308.39000000","20323.83000000","20274.00000000","20307.13000000","143.37418000",1655424239999,"2910250.24330760",1883,"51.83424000","1052080.46310670","0"
1655424240000,"20307.13000000","20369.71000000","20303.72000000","20359.16000000","80.58977000",1655424299999,"1639193.48698950",1194,"47.09002000","957711.06979470","0"
1655424300000,"20359.16000000","20404.84000000","20348.37000000","20394.55000000","101.14947000",1655424359999,"2060721.56395500",1231,"67.30010000","1370602.16942460","0"
1655424360000,"20394.56000000","20421.51000000","20394.55000000","20420.11000000","99.94896000",1655424419999,"2040223.91271360",1401,"44.19778000","902232.96758280","0"
1655424420000,"20420.11000000","20436.32000000","20400.20000000","20424.47000000","56.01826000",1655424479999,"1144099.64198930",1108,"38.04942000","777094.17687680","0"
1655424480000,"20424.48000000","20450.00000000","20416.47000000","20416.48000000","73.97269000",1655424539999,"1511771.30397480",1136,"44.91849000","917873.15301040","0"
1655424540000,"20416.48000000","20478.75000000","20416.47000000","20473.59000000","72.40868000",1655424599999,"1480865.39770140",1180,"57.65112000","1179020.38307080","0"
1655424600000,"20473.60000000","20478.00000000","20443.42000000","20455.01000000","58.47149000",1655424659999,"1196523.98748460",1214,"22.44803000","459382.06921460","0"
1655424660000,"20453.38000000","20466.95000000","20430.50000000","20451.90000000","70.11108000",1655424719999,"1433355.00255270",1103,"46.70482000","954779.12177510","0"
1655424720000,"20451.90000000","20473.00000000","20440.98000000","20452.58000000","42.40610000",1655424779999,"867504.38056050",934,"20.41311000","417595.29872790","0"
1655424780000,"20452.59000000","20500.00000000","20448.03000000","20499.99000000","64.64613000",1655424839999,"1323463.80966740",1077,"32.94828000","674555.34002760","0"
1655424840000,"20499.99000000","20545.74000000","20450.00000000","20464.65000000","144.55189000",1655424899999,"2964367.36190980",2140,"68.23608000","1399041.92543790","0"
1655424900000,"20464.65000000","20516.05000000","20448.43000000","20515.83000000","64.46530000",1655424959999,"1319850.33085680",1344,"37.82322000","774427.63288100","0"
1655424960000,"20515.83000000","20576.97000000","20506.81000000","20543.21000000","109.53227000",1655425019999,"2249321.24620240",2019,"64.12485000","1316647.81690260","0"
1655425020000,"20543.21000000","20624.09000000","20540.76000000","20596.96000000","168.67496000",1655425079999,"3471196.17921840",2339,"88.62106000","1823839.42421820","0"
1655425080000,"20596.96000000","20605.91000000","20567.78000000","20584.71000000","52.83663000",1655425139999,"1087466.42592750",1115,"31.73166000","653021.03235330","0"
1655425140000,"20584.71000000","20593.45000000","20540.76000000","20552.82000000","58.33036000",1655425199999,"1199613.98889960",1029,"28.30858000","582165.00249690","0"
1655425200000,"20552.83000000","20552.83000000","20525.34000000","20539.70000000","61.44362000",1655425259999,"1262172.10630940",979,"34.40349000","706666.24495980","0"
1655425260000,"20539.70000000","20619.76000000","20533.82000000","20603.14000000","64.56459000",1655425319999,"1329150.78070830",1162,"32.55584000","670008.07063100","0"
1655425320000,"20603.14000000","20630.00000000","20549.42000000","20560.85000000","248.53309000",1655425379999,"5111758.81968840",1700,"157.43653000","3237378.39645960","0"
1655425380000,"20560.86000000","20571.80000000","20534.80000000","20558.77000000","182.20386000",1655425439999,"3744385.37791200",1128,"45.76358000","940472.90016510","0"
1655425440000,"20558.77000000","20564.27000000","20535.36000000","20540.01000000","38.45892000",1655425499999,"790292.20748950",736,"18.10865000","372107.36706060","0"
1655425500000,"20540.01000000","20551.25000000","20509.16000000","20519.49000000","80.80622000",1655425559999,"1658720.63610260",1130,"49.81882000","1022504.16335240","0"
1655425560000,"20519.49000000","20557.19000000","20519.49000000","20531.60000000","39.22145000",1655425619999,"805349.37830670",781,"24.61058000","505244.97880230","0"
1655425620000,"20531.59000000","20547.83000000","20515.40000000","20521.44000000","26.58310000",1655425679999,"545839.87655200",660,"9.79970000","201204.22047710","0"
1655425680000,"20521.45000000","20522.26000000","20494.58000000","20498.45000000","42.75312000",1655425739999,"876793.26974270",953,"17.97382000","368623.71109580","0"
1655425740000,"20498.45000000","20498.45000000","20453.27000000","20454.56000000","54.65033000",1655425799999,"1118336.61614820",1056,"20.28377000","415014.43757220","0"
1655425800000,"20454.57000000","20454.57000000","20384.75000000","20422.94000000","100.74343000",1655425859999,"2056166.26250960",1715,"51.85070000","1058186.32976660","0"
1655425860000,"20422.94000000","20430.00000000","20370.55000000","20371.39000000","118.84629000",1655425919999,"2423098.66119120",1362,"47.06221000","959738.65445280","0"
1655425920000,"20371.40000000","20422.16000000","20371.39000000","20420.11000000","84.07928000",1655425979999,"1715116.76946410",1069,"34.61899000","706039.05049080","0"
1655425980000,"20419.29000000","20419.30000000","20372.90000000","20383.38000000","50.84818000",1655426039999,"1036853.41802160",944,"25.47423000","519420.34561020","0"
1655426040000,"20383.39000000","20400.00000000","20350.00000000","20378.13000000","38.10646000",1655426099999,"776507.14646920",829,"21.05561000","429036.82407200","0"
1655426100000,"20378.12000000","20378.13000000","20332.06000000","20332.06000000","61.16588000",1655426159999,"1244613.80171470",1289,"23.43510000","476763.31552210","0"
1655426160000,"20332.06000000","20366.46000000","20330.02000000","20338.41000000","55.84809000",1655426219999,"1136172.23715530",814,"33.85588000","688709.00220060","0"
1655426220000,"20338.40000000","20346.07000000","20307.64000000","20311.79000000","59.99683000",1655426279999,"1219386.17483690",1069,"30.65066000","622941.53743550","0"
1655426280000,"20311.78000000","20317.60000000","20278.00000000","20280.05000000","127.97760000",1655426339999,"2597696.02817480",1728,"54.03141000","1096654.82632910","0"
1655426340000,"20280.04000000","20291.96000000","20260.00000000","20289.53000000","96.63971000",1655426399999,"1959291.06381770",1386,"42.85140000","868729.67766620","0"
1655426400000,"20289.52000000","20289.53000000","20250.00000000","20250.00000000","116.84539000",1655426459999,"2367838.15642440",1597,"47.70879000","966706.52576080","0"
1655426460000,"20250.01000000","20315.96000000","20246.66000000","20315.95000000","85.02487000",1655426519999,"1723527.82566980",1293,"39.33599000","797282.13775420","0"
1655426520000,"20315.96000000","20345.16000000","20302.97000000","20309.33000000","67.33136000",1655426579999,"1368669.23556290",1110,"26.99095000","548603.35601280","0"
1655426580000,"20309.33000000","20309.34000000","20250.00000000","20260.04000000","194.25017000",1655426639999,"3936045.77095670",1645,"52.87208000","1071527.13084020","0"
1655426640000,"20260.03000000","20304.70000000","20253.59000000","20281.26000000","134.46144000",1655426699999,"2728128.47075170",1355,"85.57623000","1736322.32368230","0"
1655426700000,"20281.25000000","20330.00000000","20279.25000000","20315.12000000","64.39062000",1655426759999,"1308239.62789580",1178,"33.95894000","689877.27982140","0"
1655426760000,"20315.13000000","20330.00000000","20287.32000000","20315.09000000","51.52326000",1655426819999,"1046500.37030040",934,"24.19606000","491426.09586180","0"
1655426820000,"20314.61000000","20315.09000000","20287.34000000","20301.28000000","79.04210000",1655426879999,"1604214.95978060",730,"16.93851000","343821.52963180","0"
1655426880000,"20301.27000000","20340.00000000","20299.23000000","20326.96000000","45.99685000",1655426939999,"935086.51262120",885,"28.20050000","573279.79264820","0"
1655426940000,"20326.96000000","20339.99000000","20302.39000000","20309.06000000","146.49177000",1655426999999,"2977566.83661550",1072,"62.43853000","1269288.64554940","0"
1655427000000,"20309.07000000","20348.10000000","20294.39000000","20341.31000000","105.63579000",1655427059999,"2146991.53931050",979,"88.69314000","1802752.36480290","0"
1655427060000,"20341.31000000","20346.72000000","20332.63000000","20342.17000000","30.07418000",1655427119999,"611692.86372960",606,"17.58634000","357682.04050630","0"
1655427120000,"20342.17000000","20342.18000000","20307.36000000","20320.27000000","68.48673000",1655427179999,"1391855.71919700",799,"44.26358000","899597.32403150","0"
1655427180000,"20320.28000000","20340.51000000","20320.27000000","20333.34000000","50.93922000",1655427239999,"1035558.73380310",563,"28.70598000","583534.88202740","0"
1655427240000,"20333.34000000","20337.41000000","20324.37000000","20335.45000000","22.19484000",1655427299999,"451222.84430000",432,"13.57816000","276033.25176470","0"
1655427300000,"20335.45000000","20343.56000000","20300.30000000","20300.51000000","35.23391000",1655427359999,"716212.00157590",607,"13.99527000","284515.07673140","0"
1655427360000,"20300.51000000","20329.43000000","20300.01000000","20329.42000000","37.85022000",1655427419999,"768783.34056690",658,"18.53136000","376353.58064580","0"
1655427420000,"20329.42000000","20362.20000000","20329.42000000","20357.05000000","47.72330000",1655427479999,"971171.13760100",890,"20.91545000","425664.27635410","0"
1655427480000,"20357.05000000","20382.14000000","20357.04000000","20368.18000000","33.23605000",1655427539999,"677001.23948280",778,"14.97004000","304889.89262300","0"
1655427540000,"20368.18000000","20377.82000000","20336.33000000","20363.63000000","45.23160000",1655427599999,"920797.81717250",838,"17.04605000","346955.62468770","0"
1655427600000,"20363.64000000","20400.11000000","20347.03000000","20395.70000000","89.87119000",1655427659999,"1832591.75618180",996,"34.05347000","694205.03277110","0"
1655427660000,"20395.71000000","20420.00000000","20365.30000000","20410.58000000","36.57083000",1655427719999,"745825.16626000",898,"17.22022000","351220.11593810","0"
1655427720000,"20410.58000000","20448.38000000","20395.63000000","20419.39000000","51.84126000",1655427779999,"1058978.97492920",1208,"31.48738000","643231.77429210","0"
1655427780000,"20419.61000000","20441.92000000","20408.16000000","20409.35000000","40.97917000",1655427839999,"836897.05399480",919,"25.08676000","512302.93936290","0"
1655427840000,"20409.35000000","20418.79000000","20394.24000000","20412.15000000","62.32989000",1655427899999,"1271973.65658640",958,"32.62650000","665794.63731830","0"
1655427900000,"20412.16000000","20430.00000000","20398.51000000","20418.95000000","58.03638000",1655427959999,"1184472.87812090",890,"40.32942000","822975.89239550","0"
1655427960000,"20418.94000000","20487.22000000","20418.32000000","20479.99000000","95.74214000",1655428019999,"1958853.28187480",1460,"60.01274000","1227681.89432210","0"
1655428020000,"20480.00000000","20503.21000000","20468.37000000","20480.50000000","131.14391000",1655428079999,"2686405.10872390",1461,"55.45296000","1135914.59102560","0"
1655428080000,"20479.87000000","20535.78000000","20479.87000000","20507.17000000","98.32699000",1655428139999,"2017128.37695480",1405,"61.62938000","1264204.38153000","0"
1655428140000,"20507.17000000","20511.99000000","20500.00000000","20504.58000000","67.42991000",1655428199999,"1382442.64915390",617,"15.02583000","308061.86998720","0"
