1609545600000,"126.20000000","142.00000000","123.15000000","136.96000000","2442266.76500000",1609631999999,"323461384.15540430",569576,"1231554.82173000","163210674.14196430","0"
1609632000000,"136.94000000","164.70000000","135.30000000","161.24000000","3813834.07669000",1609718399999,"568621276.83870680",861814,"2011044.64195000","299961529.53033950","0"
1609718400000,"161.23000000","173.66000000","139.31000000","155.34000000","3530422.20392000",1609804799999,"551040498.87548890",869279,"1756052.47648000","274383365.71091060","0"
1609804800000,"155.33000000","162.80000000","146.52000000","158.43000000","1998205.92425000",1609891199999,"308980342.19901610",477603,"979205.18314000","151487230.06416180","0"
1609891200000,"158.46000000","169.72000000","154.95000000","168.92000000","1857831.43166000",1609977599999,"302208185.27993690",538480,"959881.68331000","156239121.73206670","0"
1609977600000,"168.96000000","181.22000000","161.18000000","169.35000000","2493533.99480000",1610063999999,"424745168.46115310",821999,"1259034.92458000","214619728.77886290","0"
1610064000000,"169.35000000","181.92000000","150.00000000","172.19000000","2843159.70340000",1610150399999,"479867965.46564610",920205,"1364861.50667000","230726268.32457180","0"
1610150400000,"172.28000000","178.80000000","163.30000000","177.26000000","1749781.84973000",1610236799999,"299170389.28691810",627933,"885341.30263000","151372860.04598540","0"
1610236800000,"177.27000000","185.83000000","161.86000000","170.07000000","2269705.04460000",1610323199999,"397700165.56037810",758526,"1119665.73786000","196456832.16464720","0"
1610323200000,"170.06000000","170.74000000","112.70000000","138.87000000","4989528.65149000",1610409599999,"676718971.80544480",1330771,"2438118.48392000","330611847.48000510","0"
1610409600000,"138.88000000","146.86000000","128.00000000","133.42000000","2825579.61257000",1610495999999,"388334448.47173540",705629,"1412060.08561000","194093919.06292800","0"
1610496000000,"133.44000000","148.46000000","125.90000000","147.38000000","2153426.27798000",1610582399999,"294745960.68489740",591714,"1128774.33684000","154745131.32057600","0"
1610582400000,"147.39000000","156.89000000","143.55000000","152.50000000","2033762.60027000",1610668799999,"304472230.40606090",558995,"1021749.67464000","153033184.51457530","0"
1610668800000,"152.46000000","155.74000000","130.00000000","143.65000000","2104225.51210000",1610755199999,"304793400.39795030",651698,"1034055.24494000","150008938.82337090","0"
1610755200000,"143.66000000","152.59000000","139.28000000","143.52000000","1784053.82975000",1610841599999,"260477969.60666860",540898,"901769.98160000","131680425.03408390","0"
1610841600000,"143.52000000","147.00000000","136.22000000","142.80000000","1379082.37920000",1610927999999,"195777669.99104870",431558,"679465.24934000","96490798.55182370","0"
1610928000000,"142.78000000","154.99000000","138.44000000","151.96000000","1644947.14813000",1611014399999,"242255237.74433520",458723,"833987.17925000","122895416.09997450","0"
1611014400000,"151.97000000","166.02000000","150.18000000","151.86000000","2288798.47777000",1611100799999,"364329170.43716040",772775,"1142013.14139000","181797603.95441460","0"
1611100800000,"151.85000000","156.15000000","138.40000000","149.69000000","2037654.31965000",1611187199999,"300191114.56867930",621515,"1009456.41190000","148796307.28837070","0"
1611187200000,"149.67000000","150.25000000","125.64000000","129.72000000","2114912.93172000",1611273599999,"288136729.75040450",614839,"1038649.32644000","141536980.08463660","0"
1611273600000,"129.70000000","141.85000000","122.70000000","137.66000000","1979078.00560000",1611359999999,"267423454.47647860",686050,"1020510.82992000","138063995.51678770","0"
1611360000000,"137.65000000","143.52000000","135.05000000","137.67000000","969988.56158000",1611446399999,"134724709.09932060",364548,"498210.53526000","69203550.31347690","0"
1611446400000,"137.66000000","142.65000000","133.73000000","141.01000000","917459.85058000",1611532799999,"127591959.12300120",278269,"461996.46439000","64266237.64601520","0"
1611532800000,"141.01000000","147.87000000","136.62000000","137.07000000","1380902.39350000",1611619199999,"197598742.36257960",410581,"685900.89221000","98231804.04706050","0"
1611619200000,"137.07000000","139.76000000","127.85000000","134.67000000","1093141.08136000",1611705599999,"146658904.32979730",348427,"552832.08346000","74155850.29801710","0"
1611705600000,"134.69000000","134.96000000","118.13000000","122.44000000","1240323.68178000",1611791999999,"155421717.59061670",438691,"604021.13500000","75688354.53011680","0"
1611792000000,"122.45000000","135.84000000","120.74000000","133.27000000","1074760.50528000",1611878399999,"139123165.54044950",388459,"549424.38816000","71157975.91624820","0"
1611878400000,"133.25000000","145.50000000","131.44000000","134.65000000","2193040.38440000",1611964799999,"302900712.68772330",675138,"1097571.26311000","151726390.02976430","0"
1611964800000,"134.67000000","136.23000000","128.02000000","133.36000000","1215569.95596000",1612051199999,"160309617.01478010",384066,"611800.50559000","80722771.26523120","0"
1612051200000,"133.35000000","135.06000000","125.67000000","129.36000000","917993.35191000",1612137599999,"119233545.98228610",274128,"457225.70711000","59402639.93488860","0"
1612137600000,"129.37000000","136.63000000","125.95000000","132.00000000","1167609.37029000",1612223999999,"153549752.23816480",318786,"571215.57576000","75103789.75088390","0"
1612224000000,"131.99000000","145.82000000","131.87000000","141.98000000","1884558.49538000",1612310399999,"265593003.27596420",497429,"975904.65209000","137602688.70308690","0"
1612310400000,"141.96000000","156.70000000","141.92000000","155.93000000","1820822.28924000",1612396799999,"276355784.68062930",506675,"944776.41996000","143411232.63555800","0"
1612396800000,"155.94000000","158.68000000","141.03000000","145.07000000","1766938.56965000",1612483199999,"263741634.94941890",476673,"866370.44897000","129341654.03946220","0"
1612483200000,"145.05000000","156.93000000","143.45000000","155.05000000","1572009.29596000",1612569599999,"239251271.38727440",373144,"708854.76489000","107847023.46541910","0"
1612569600000,"155.05000000","164.27000000","149.82000000","155.57000000","1879526.24312000",1612655999999,"298721059.75690770",508088,"916632.35510000","145686099.28912390","0"
1612656000000,"155.57000000","157.29000000","145.23000000","150.76000000","1259975.92894000",1612742399999,"190631760.74434170",393232,"614509.21424000","93011959.29193260","0"
1612742400000,"150.76000000","169.38000000","147.76000000","167.28000000","1894490.90608000",1612828799999,"301611530.01698200",517962,"974208.68612000","155207430.13313250","0"
1612828800000,"167.28000000","184.49000000","164.22000000","181.49000000","1981149.12366000",1612915199999,"339741920.43175130",602539,"991197.70131000","170078048.61647010","0"
1612915200000,"181.52000000","195.17000000","169.57000000","181.56000000","2781973.96254000",1613001599999,"511568659.87450640",921888,"1360936.82564000","250190423.84130810","0"
1613001600000,"181.59000000","193.59000000","175.72000000","183.62000000","1664189.08770000",1613087999999,"309306444.73788820",505129,"823702.04158000","153112946.24420760","0"
1613088000000,"183.62000000","199.84000000","176.75000000","196.69000000","1946870.34253000",1613174399999,"364142891.78315250",593794,"995322.75441000","186248760.20416310","0"
1613174400000,"196.71000000","229.07000000","191.45000000","225.76000000","2843517.28691000",1613260799999,"594221999.90048800",857965,"1446133.95797000","302664294.62195680","0"
1613260800000,"225.77000000","230.77000000","208.11000000","213.49000000","1765475.48101000",1613347199999,"387593416.69748830",796054,"867070.38366000","190532009.90228490","0"
1613347200000,"213.47000000","219.99000000","185.31000000","207.83000000","2173405.17958000",1613433599999,"447239834.95548890",683757,"1069291.45381000","220253340.68097300","0"
1613433600000,"208.03000000","222.48000000","200.10000000","210.26000000","1660812.39786000",1613519999999,"351273131.92534750",582957,"818307.63977000","173185884.64727900","0"
1613520000000,"210.23000000","237.75000000","203.37000000","237.49000000","1839179.97093000",1613606399999,"409828549.42424460",741367,"960810.76058000","214283011.66629550","0"
1613606400000,"237.39000000","239.18000000","221.00000000","226.59000000","1580820.71000000",1613692799999,"362511271.60783230",703424,"787973.76974000","180686221.71538180","0"
1613692800000,"226.58000000","241.92000000","220.06000000","236.50000000","1402427.87852000",1613779199999,"325090696.92357710",572472,"708936.52334000","164460026.87381830","0"
1613779200000,"236.45000000","247.04000000","214.02000000","226.65000000","1701950.27455000",1613865599999,"401705947.58883950",694031,"824489.94329000","194873864.24934040","0"
1613865600000,"226.77000000","233.78000000","220.06000000","227.13000000","1268407.03046000",1613951999999,"288545534.88444690",547213,"635568.25030000","144574528.40158750","0"
1613952000000,"227.17000000","227.39000000","180.00000000","208.32000000","2556958.22160000",1614038399999,"530466837.05542020",722624,"1248637.89300000","259168819.23922740","0"
1614038400000,"208.10000000","208.80000000","157.29000000","177.34000000","3669737.32689000",1614124799999,"656297107.87391790",879269,"1823463.56719000","325955738.68275870","0"
1614124800000,"177.35000000","189.46000000","169.08000000","181.43000000","1827554.60176000",1614211199999,"331667058.02782560",551322,"919774.96133000","166940050.21977150","0"
1614211200000,"181.43000000","205.21000000","175.00000000","179.36000000","1961972.04220000",1614297599999,"374933085.95019480",702585,"993823.49266000","190018740.38173920","0"
1614297600000,"179.36000000","182.86000000","162.74000000","170.25000000","2180233.25143000",1614383999999,"376896603.42819400",787789,"1081844.58664000","187047542.34876560","0"
1614384000000,"170.20000000","180.48000000","167.13000000","171.76000000","1113606.44010000",1614470399999,"194721552.36965730",399095,"560227.26176000","98003408.31906910","0"
1614470400000,"171.75000000","173.42000000","152.88000000","165.22000000","1682228.22219000",1614556799999,"270779244.86199550",505205,"842254.37757000","135601050.83552600","0"
1614556800000,"165.27000000","176.46000000","163.30000000","175.89000000","1216268.49518000",1614643199999,"206763547.48994870",379963,"633950.24813000","107777727.79402930","0"
1614643200000,"175.90000000","185.32000000","170.69000000","179.08000000","1441741.00235000",1614729599999,"255346162.55104910",431134,"729710.43408000","129207168.84431140","0"
1614729600000,"179.06000000","196.49000000","176.79000000","187.64000000","1873295.01116000",1614815999999,"356756304.15106600",875356,"963464.71246000","183451255.74303130","0"
1614816000000,"187.70000000","194.40000000","176.83000000","180.67000000","1485337.09208000",1614902399999,"275358427.62702170",595968,"720510.55503000","133618218.97010170","0"
1614902400000,"180.66000000","183.57000000","168.50000000","180.23000000","1182501.69882000",1614988799999,"206736683.42664490",410149,"589202.04405000","102975667.24725800","0"
1614988800000,"180.21000000","184.67000000","174.68000000","182.85000000","935959.96790000",1615075199999,"169045674.01508680",441332,"448992.60462000","81114464.11396950","0"
1615075200000,"182.86000000","192.24000000","182.25000000","190.75000000","820418.23901000",1615161599999,"153066685.71137090",315993,"407343.18364000","76007399.63496300","0"
1615161600000,"190.75000000","195.28000000","179.58000000","191.85000000","1171979.04352000",1615247999999,"218298243.74947130",505799,"602323.18879000","112098068.19478010","0"
1615248000000,"191.86000000","205.00000000","188.92000000","203.81000000","1279698.49896000",1615334399999,"253719098.46101130",522687,"645374.71425000","128009285.94735830","0"
1615334400000,"203.80000000","208.00000000","191.47000000","200.29000000","1422079.58464000",1615420799999,"285300116.82579080",530224,"714343.01773000","143454346.53945140","0"
1615420800000,"200.29000000","203.54000000","191.03000000","201.36000000","981380.12090000",1615507199999,"194448681.75772490",462332,"503785.49713000","99797507.62359680","0"
1615507200000,"201.37000000","224.23000000","198.41000000","220.84000000","2081683.73697000",1615593599999,"438911699.79576790",917834,"1059650.68295000","223587158.62323920","0"
1615593600000,"220.80000000","230.23000000","212.70000000","226.06000000","1330663.68103000",1615679999999,"296844070.67501210",628460,"655985.41754000","146347747.38216800","0"
1615680000000,"226.08000000","228.12000000","213.84000000","213.94000000","806542.74173000",1615766399999,"177641500.66546790",544634,"391383.72783000","86204143.36700120","0"
1615766400000,"214.00000000","222.58000000","197.56000000","200.59000000","1413381.72445000",1615852799999,"291674163.58328460",664599,"703037.22236000","145050027.28762330","0"
1615852800000,"200.59000000","205.53000000","191.15000000","201.60000000","1063051.80222000",1615939199999,"211789426.17654140",673355,"533223.64094000","106261529.73210920","0"
1615939200000,"201.61000000","206.94000000","194.13000000","205.98000000","885644.66746000",1616025599999,"177676188.78158600",377115,"447412.73890000","89793638.99017390","0"
1616025600000,"205.96000000","208.25000000","199.13000000","199.70000000","774419.42586000",1616111999999,"158187015.59039250",321685,"383192.32277000","78255931.92896530","0"
1616112000000,"199.72000000","205.00000000","195.81000000","199.96000000","536877.41275000",1616198399999,"108136182.16199880",252495,"265032.32975000","53410582.82455350","0"
1616198400000,"199.96000000","206.10000000","198.82000000","200.17000000","473637.43878000",1616284799999,"96021040.47430020",215400,"231961.04691000","47030873.93033530","0"
1616284800000,"200.16000000","202.00000000","192.00000000","195.31000000","581731.80679000",1616371199999,"114260221.42387090",242743,"275162.22586000","54037572.21894290","0"
1616371200000,"195.33000000","199.00000000","184.42000000","185.67000000","725506.72916000",1616457599999,"139983277.96370570",392568,"354646.43153000","68469075.88259590","0"
1616457600000,"185.69000000","189.44000000","181.12000000","185.83000000","638849.27686000",1616543999999,"118859058.10841630",294177,"315275.32894000","58656740.50001300","0"
1616544000000,"185.82000000","197.17000000","172.00000000","176.05000000","1189902.97985000",1616630399999,"224797613.39403940",759498,"582580.21094000","110130158.01895900","0"
1616630400000,"176.05000000","179.03000000","167.86000000","171.53000000","956666.86464000",1616716799999,"166128051.96272710",360595,"470474.94482000","81731244.89838590","0"
1616716800000,"171.53000000","183.82000000","171.44000000","183.45000000","721838.20194000",1616803199999,"128689980.69564080",294780,"363871.23015000","64884369.16557120","0"
1616803200000,"183.44000000","186.12000000","177.75000000","184.06000000","475886.83873000",1616889599999,"86757743.80726390",215335,"243143.80697000","44331438.52819250","0"
1616889600000,"184.06000000","187.29000000","180.00000000","184.24000000","380545.16211000",1616975999999,"70082688.39183180",185442,"179296.03859000","33027767.07342360","0"
1616976000000,"184.22000000","197.60000000","182.45000000","193.73000000","904774.30423000",1617062399999,"174709382.24257770",617887,"461727.55725000","89162849.58563030","0"
1617062400000,"193.73000000","200.09000000","190.34000000","195.74000000","932290.64980000",1617148799999,"181705740.05520250",422614,"471620.40771000","91917838.37476480","0"
1617148800000,"195.71000000","198.99000000","187.00000000","196.70000000","698229.63786000",1617235199999,"135030259.12443610",333698,"350689.46704000","67839751.32990810","0"
1617235200000,"196.69000000","205.00000000","194.00000000","202.86000000","876741.40869000",1617321599999,"174997120.95383920",376746,"446473.68027000","89140726.09366380","0"
1617321600000,"202.87000000","213.77000000","200.78000000","211.46000000","942970.73038000",1617407999999,"194551967.42075160",417200,"473711.68012000","97767380.81087540","0"
1617408000000,"211.44000000","217.97000000","194.85000000","195.23000000","956126.60492000",1617494399999,"199480758.09639090",454454,"468771.97526000","97872241.82059270","0"
1617494400000,"195.17000000","204.92000000","192.22000000","202.21000000","565154.10714000",1617580799999,"113374291.83226120",279997,"280714.26420000","56341983.22917800","0"
1617580800000,"202.24000000","225.47000000","198.07000000","221.48000000","1329743.76130000",1617667199999,"281341829.94907690",578386,"685041.12811000","145087501.28661860","0"
1617667200000,"221.48000000","244.59000000","212.97000000","237.04000000","2444849.53403000",1617753599999,"562645677.67363840",999550,"1252459.61950000","288392529.77945470","0"
1617753600000,"236.96000000","242.99000000","210.77000000","219.05000000","2263475.46520000",1617839999999,"510345556.65848190",906049,"1112391.73937000","250943125.06111610","0"
1617840000000,"219.22000000","228.21000000","216.89000000","226.11000000","1074942.89645000",1617926399999,"239958597.00822180",443718,"543199.93749000","121244878.63713930","0"
1617926400000,"226.17000000","228.99000000","218.72000000","221.12000000","688918.82150000",1618012799999,"154922336.45739250",339204,"329722.53873000","74172020.38552240","0"
1618012800000,"221.13000000","257.00000000","219.16000000","256.34000000","1859281.88304000",1618099199999,"441762890.57776680",649633,"968930.67071000","230571111.33526560","0"
1618099200000,"256.55000000","263.62000000","244.77000000","252.31000000","1890765.80129000",1618185599999,"480319111.43279310",872731,"945076.40143000","240120644.15459510","0"
1618185600000,"252.35000000","259.94000000","240.01000000","244.42000000","1370860.16310000",1618271999999,"341852773.15015150",467982,"683136.82521000","170447279.76776600","0"
1618272000000,"244.44000000","273.54000000","244.36000000","267.59000000","1931888.55344000",1618358399999,"506855226.96925550",767892,"968883.80432000","254292955.54182720","0"
1618358400000,"267.61000000","283.00000000","255.00000000","278.86000000","1989435.79148000",1618444799999,"539680828.95160290",748320,"1002510.76763000","272152784.43154950","0"
1618444800000,"278.80000000","290.90000000","266.00000000","285.63000000","1409760.53776000",1618531199999,"392118228.68401590",685535,"723182.50725000","201360665.43012860","0"
1618531200000,"285.64000000","317.09000000","265.50000000","308.43000000","3150447.99928000",1618617599999,"924239206.05511810",1289085,"1604340.09015000","470768551.90368090","0"
1618617600000,"308.39000000","335.69000000","296.75000000","300.86000000","2574519.63550000",1618703999999,"817941072.73635170",1228519,"1301465.48450000","413592752.70081070","0"
1618704000000,"300.87000000","304.83000000","231.10000000","273.36000000","3346589.56812000",1618790399999,"892238974.66476130",1132078,"1682056.56666000","448297530.82707470","0"
1618790400000,"273.35000000","284.39000000","250.21000000","261.38000000","1973511.87573000",1618876799999,"526834098.15997010",752375,"989903.16739000","264595427.45419520","0"
1618876800000,"261.47000000","272.80000000","234.31000000","260.68000000","2111225.32553000",1618963199999,"539480456.62286660",807636,"1045319.25671000","267296679.99621360","0"
1618963200000,"260.73000000","277.00000000","250.75000000","257.69000000","1841080.20554000",1619049599999,"486078239.63091110",770239,"912336.68966000","241010746.19610520","0"
1619049600000,"257.63000000","289.61000000","239.00000000","252.50000000","2858792.51437000",1619135999999,"768476292.53736070",1210366,"1432931.72954000","385424393.25163660","0"
1619136000000,"252.60000000","257.15000000","206.89000000","241.31000000","2866031.89172000",1619222399999,"665705477.38049590",1017903,"1431737.08579000","332682375.93024480","0"
1619222400000,"241.31000000","241.41000000","220.34000000","224.75000000","1152968.01885000",1619308799999,"264865552.23020620",395280,"582086.73145000","133734848.16305070","0"
1619308800000,"224.76000000","235.80000000","210.73000000","223.88000000","928460.21980000",1619395199999,"209320711.90608280",370148,"465835.58931000","105067864.79787830","0"
1619395200000,"223.90000000","248.20000000","221.24000000","247.42000000","1236470.27391000",1619481599999,"297406460.01642860",444245,"644579.31799000","155070606.14692670","0"
1619481600000,"247.40000000","263.15000000","243.63000000","259.77000000","1114182.69248000",1619567999999,"283202344.99581800",440412,"575361.14306000","146232235.61229810","0"
1619568000000,"259.77000000","266.94000000","247.58000000","258.51000000","1014038.43734000",1619654399999,"259424641.25487440",373054,"509605.52965000","130435093.25397740","0"
1619654400000,"258.50000000","262.89000000","248.16000000","255.31000000","877558.78530000",1619740799999,"223881131.70674780",301941,"434309.10973000","110783860.42018500","0"
1619740800000,"255.31000000","273.58000000","252.61000000","271.13000000","1037748.69625000",1619827199999,"274406726.43029060",378415,"525194.07625000","138845734.67113370","0"
1619827200000,"271.14000000","278.58000000","265.90000000","276.78000000","759685.23196000",1619913599999,"206313142.37866570",298804,"394444.53449000","107141364.90694630","0"
1619913600000,"276.77000000","277.47000000","264.70000000","268.88000000","656429.21428000",1619999999999,"177326870.52538420",240118,"334587.08164000","90378687.15221460","0"
1620000000000,"268.83000000","299.72000000","268.44000000","294.87000000","1427253.57143000",1620086399999,"406345333.74404910",551451,"741571.36225000","211273296.54051310","0"
1620086400000,"294.73000000","327.68000000","270.00000000","305.23000000","3939316.56899000",1620172799999,"1195932190.83950180",1508821,"1956579.04576000","593733728.24148680","0"
1620172800000,"305.24000000","360.00000000","300.52000000","356.04000000","3748897.98686000",1620259199999,"1271930983.03431820",1614035,"1886405.01435000","640411029.33144030","0"
1620259200000,"356.03000000","364.93000000","318.00000000","354.67000000","2752093.00755000",1620345599999,"941466204.16390980",1185399,"1386633.82425000","474650164.31048480","0"
1620345600000,"354.52000000","374.50000000","333.33000000","344.89000000","2822668.46597000",1620431999999,"1005644474.31054650",1164243,"1420920.55941000","506510852.93747180","0"
1620432000000,"344.89000000","356.68000000","334.00000000","347.10000000","1327716.19070000",1620518399999,"458585347.67560400",559015,"660920.37589000","228284580.04320810","0"
1620518400000,"347.17000000","389.00000000","333.51000000","387.80000000","2292100.05852000",1620604799999,"824990298.57028290",1067219,"1175795.91080000","423435812.09366690","0"
1620604800000,"387.77000000","413.49000000","333.68000000","358.89000000","3830553.73813000",1620691199999,"1474442115.44516500",1832583,"1907838.06727000","734412974.14366660","0"
1620691200000,"358.93000000","379.72000000","345.00000000","377.60000000","2031121.35038000",1620777599999,"731791805.44268080",794827,"1045474.00633000","376977821.60336200","0"
1620777600000,"377.80000000","394.37000000","301.00000000","310.40000000","2537826.91562000",1620863999999,"909685569.02433730",927202,"1240814.85922000","446016465.02994690","0"
1620864000000,"310.40000000","332.73000000","291.00000000","317.95000000","2979065.55728000",1620950399999,"939891706.79567190",941387,"1462053.82162000","461222753.33359770","0"
1620950400000,"317.95000000","338.85000000","307.96000000","326.23000000","1482325.51445000",1621036799999,"479155547.23975750",552625,"756132.19975000","244359563.08258840","0"
1621036800000,"326.24000000","332.00000000","296.17000000","300.30000000","1486176.50537000",1621123199999,"464489234.47244340",520785,"729306.79024000","228064657.39728770","0"
1621123200000,"300.22000000","323.95000000","279.66000000","295.89000000","1693568.12752000",1621209599999,"510240764.03318640",547969,"833412.46333000","251344538.77044290","0"
1621209600000,"295.89000000","296.34000000","261.27000000","281.53000000","2079261.84526000",1621295999999,"581793612.05452120",660117,"1024669.17386000","286826566.20876940","0"
1621296000000,"281.38000000","317.97000000","278.32000000","293.98000000","2558765.69804000",1621382399999,"770914140.97824320",1070794,"1284843.87705000","387205335.01365640","0"
1621382400000,"293.98000000","300.31000000","147.00000000","185.93000000","6731555.34383000",1621468799999,"1486762183.64972800",1602000,"3297361.29453000","727656288.80660420","0"
1621468800000,"186.31000000","225.00000000","166.45000000","210.74000000","4269465.92695000",1621555199999,"857612372.38714210",1027162,"2103734.33570000","422888147.85029580","0"
1621555200000,"210.66000000","219.12000000","156.56000000","179.97000000","2998819.79591000",1621641599999,"567897537.02029270",801082,"1493045.63294000","283051595.48287120","0"
1621641600000,"179.97000000","184.44000000","161.61000000","169.32000000","1983438.52337000",1621727999999,"345969489.80721260",503784,"992731.86653000","173137307.68609980","0"
1621728000000,"169.30000000","176.26000000","118.03000000","142.39000000","3854006.12408000",1621814399999,"548343321.08720380",846183,"1927253.83304000","274130951.12487690","0"
1621814400000,"142.52000000","185.37000000","139.54000000","185.32000000","2491240.93285000",1621900799999,"404399573.70826260",647402,"1290927.20492000","209662086.85783690","0"
1621900800000,"185.32000000","194.61000000","167.15000000","183.76000000","1974384.43463000",1621987199999,"352461818.37737900",574966,"982565.78101000","175556939.52157900","0"
1621987200000,"183.89000000","204.13000000","179.42000000","198.91000000","1540975.47323000",1622073599999,"299472154.83617390",516747,"792873.66151000","154096728.96942030","0"
1622073600000,"198.92000000","209.00000000","180.39000000","194.32000000","1457775.38448000",1622159999999,"283796099.33296860",500482,"724735.40230000","141233123.14312520","0"
1622160000000,"194.31000000","198.88000000","165.50000000","177.33000000","2118247.13851000",1622246399999,"378817824.80821020",621180,"1037263.79855000","185486012.30051950","0"
1622246400000,"177.30000000","188.69000000","157.65000000","164.01000000","1554075.04320000",1622332799999,"267430765.53636520",534394,"771779.76477000","132873350.48693150","0"
1622332800000,"164.04000000","181.10000000","155.11000000","170.51000000","1123365.50693000",1622419199999,"191392497.87099630",355005,"561880.30473000","95797712.88401650","0"
1622419200000,"170.48000000","188.50000000","163.50000000","187.97000000","1242054.05369000",1622505599999,"220163302.91881660",437579,"621777.91751000","110328240.56539110","0"
1622505600000,"188.01000000","193.16000000","175.82000000","182.99000000","1081241.44408000",1622591999999,"197281336.35004190",416212,"531753.51620000","97049506.89897860","0"
1622592000000,"183.05000000","191.34000000","178.27000000","187.14000000","976844.03214000",1622678399999,"180987111.28905190",337900,"490059.31516000","90811621.13576890","0"
1622678400000,"187.18000000","197.78000000","181.95000000","193.50000000","1079806.82442000",1622764799999,"206098853.87633310",383484,"549956.18575000","104989623.03992690","0"
1622764800000,"193.52000000","193.81000000","168.95000000","178.44000000","1130262.18071000",1622851199999,"200956756.46053020",374306,"545242.30003000","96884081.79270900","0"
1622851200000,"178.46000000","185.49000000","167.32000000","172.94000000","846082.98073000",1622937599999,"149043048.12549120",303259,"428132.49771000","75397986.75066490","0"
1622937600000,"172.95000000","179.96000000","172.02000000","176.41000000","677386.36378000",1623023999999,"119533928.19563780",519130,"339926.51366000","59985003.16073840","0"
1623024000000,"176.42000000","182.22000000","160.25000000","161.95000000","1035822.82509000",1623110399999,"180434186.55291580",352728,"512903.38529000","89268693.83654830","0"
1623110400000,"161.92000000","164.48000000","144.89000000","160.63000000","1417289.87647000",1623196799999,"222062589.14860360",365893,"689101.10794000","108027399.43034200","0"
1623196800000,"160.64000000","173.30000000","152.31000000","172.56000000","1139739.36054000",1623283199999,"186552484.18311240",325926,"570055.82499000","93324147.80963250","0"
1623283200000,"172.54000000","174.61000000","162.12000000","168.16000000","878866.63371000",1623369599999,"148034008.21043930",240955,"433743.37393000","73099430.44720310","0"
1623369600000,"168.18000000","173.78000000","160.55000000","162.83000000","928611.54446000",1623455999999,"156280950.68599700",277780,"459795.61764000","77405051.60063110","0"
1623456000000,"162.84000000","164.30000000","154.14000000","161.80000000","653167.31003000",1623542399999,"103901880.16987960",200620,"319802.53052000","50878892.16190740","0"
1623542400000,"161.81000000","171.59000000","156.42000000","170.85000000","573493.90783000",1623628799999,"93618007.16348210",241273,"286188.27277000","46727446.54899530","0"
1623628800000,"170.85000000","179.99000000","166.34000000","179.89000000","802051.95645000",1623715199999,"138132150.66214590",280797,"417493.08416000","71919757.39595740","0"
1623715200000,"179.88000000","181.20000000","172.15000000","175.15000000","654352.05304000",1623801599999,"115569055.59941260",202286,"320929.55719000","56707194.47571930","0"
1623801600000,"175.16000000","177.31000000","164.23000000","166.57000000","761479.45263000",1623887999999,"129526004.72512860",267665,"371030.14679000","63137759.83949240","0"
1623888000000,"166.56000000","173.40000000","162.81000000","167.08000000","559434.62367000",1623974399999,"94143650.72569810",300498,"278934.17757000","46968809.68327130","0"
1623974400000,"167.13000000","167.43000000","151.20000000","156.34000000","800699.30384000",1624060799999,"127526013.18198420",249802,"382125.53103000","60814375.54703530","0"
1624060800000,"156.33000000","160.88000000","152.31000000","152.49000000","523073.02283000",1624147199999,"82045956.97907430",273456,"236531.39792000","37083169.04815130","0"
1624147200000,"152.51000000","156.18000000","143.75000000","154.88000000","611253.37603000",1624233599999,"91892149.25952130",230416,"293026.12961000","44079297.42183280","0"
1624233600000,"154.87000000","155.50000000","123.91000000","124.46000000","1492819.37930000",1624319999999,"203231053.19894940",373180,"741296.99421000","100925523.78972840","0"
1624320000000,"124.38000000","133.03000000","104.92000000","119.64000000","2255757.11457000",1624406399999,"266726032.45740710",580740,"1103791.73890000","130532096.25841640","0"
1624406400000,"119.69000000","133.75000000","115.49000000","129.10000000","1020444.64312000",1624492799999,"130123287.93826560",277787,"498962.62265000","63628895.91643590","0"
1624492800000,"129.13000000","137.36000000","123.71000000","134.58000000","660335.54019000",1624579199999,"87188835.59452680",209741,"324711.26328000","42908376.19185690","0"
1624579200000,"134.59000000","138.45000000","124.31000000","125.00000000","764515.33892000",1624665599999,"99682735.35209450",236029,"370581.00844000","48321192.26336950","0"
1624665600000,"125.03000000","129.44000000","118.67000000","126.89000000","871924.09227000",1624751999999,"107497674.74266050",272305,"434093.25813000","53540282.18425130","0"
1624752000000,"126.81000000","132.67000000","124.66000000","132.60000000","573388.24688000",1624838399999,"73420914.55001810",187487,"286125.20464000","36642742.77263890","0"
1624838400000,"132.57000000","139.55000000","129.89000000","137.69000000","703645.47159000",1624924799999,"94415295.85242700",283577,"359319.91124000","48204731.10452790","0"
1624924800000,"137.68000000","149.18000000","137.24000000","144.20000000","898148.69711000",1625011199999,"129346046.62919880",384677,"442734.24354000","63712604.45730240","0"
1625011200000,"144.23000000","146.94000000","136.01000000","144.26000000","629619.41847000",1625097599999,"88947304.90356510",299271,"304949.62748000","43078785.97702080","0"
1625097600000,"144.31000000","144.31000000","133.99000000","137.02000000","539535.29970000",1625183999999,"74099823.13621860",205914,"262883.74239000","36100335.57628750","0"
1625184000000,"137.01000000","138.97000000","130.60000000","136.85000000","467041.14947000",1625270399999,"62437652.75167690",180717,"232953.76160000","31146051.71417670","0"
1625270400000,"136.87000000","141.37000000","134.57000000","140.17000000","351451.49767000",1625356799999,"48777580.75446240",127568,"179519.71358000","24916232.40729130","0"
1625356800000,"140.19000000","148.10000000","136.88000000","144.95000000","443949.92264000",1625443199999,"63870573.99098200",180733,"215175.99342000","30946526.81197670","0"
1625443200000,"144.96000000","145.03000000","133.84000000","137.71000000","561680.84949000",1625529599999,"78159874.19526290",228343,"271012.49727000","37729655.26173060","0"
1625529600000,"137.76000000","142.73000000","135.60000000","138.87000000","530800.52733000",1625615999999,"73627887.17713160",260456,"258042.83012000","35808976.02417420","0"
1625616000000,"138.86000000","142.93000000","136.87000000","137.41000000","520913.20131000",1625702399999,"73142110.87235970",162033,"264262.48536000","37118715.42357470","0"
1625702400000,"137.38000000","137.74000000","127.77000000","132.15000000","645442.57112000",1625788799999,"85207418.88870120",178404,"310139.37419000","40933991.79907800","0"
1625788800000,"132.11000000","135.85000000","126.00000000","134.58000000","527547.82163000",1625875199999,"69418988.62981790",257987,"258759.68479000","34068696.91055060","0"
1625875200000,"134.54000000","136.82000000","130.32000000","133.99000000","365844.86832000",1625961599999,"48672574.56550150",165477,"183398.01229000","24403141.34545980","0"
1625961600000,"133.99000000","136.48000000","132.08000000","134.28000000","324968.57149000",1626047999999,"43702609.57236740",215814,"165002.37144000","22191025.23261170","0"
1626048000000,"134.28000000","139.75000000","131.82000000","133.38000000","670917.62355000",1626134399999,"91393565.62359020",234539,"330787.80445000","45045515.58906140","0"
1626134400000,"133.32000000","134.61000000","129.35000000","131.44000000","454856.67168000",1626220799999,"60087913.37202070",129987,"226541.10296000","29938801.81390750","0"
1626220800000,"131.45000000","132.42000000","123.59000000","131.07000000","538916.43958000",1626307199999,"69151577.22858160",148767,"262802.80646000","33757500.62987260","0"
1626307200000,"131.06000000","133.13000000","121.93000000","125.86000000","494375.72430000",1626393599999,"62611833.20905420",148301,"234369.59244000","29687896.11450650","0"
1626393600000,"125.88000000","127.87000000","120.38000000","120.65000000","422183.01506000",1626479999999,"52332289.46641960",129010,"200419.17318000","24843024.53266740","0"
1626480000000,"120.66000000","122.92000000","117.68000000","119.95000000","425298.69428000",1626566399999,"51119228.30098610",124981,"202667.29852000","24368652.41602840","0"
1626566400000,"120.00000000","124.05000000","116.23000000","119.17000000","430985.21457000",1626652799999,"51789227.20684480",129213,"217089.59398000","26082890.03888990","0"
1626652800000,"119.16000000","120.75000000","111.82000000","113.13000000","493082.96266000",1626739199999,"56960133.80445190",138827,"237935.14925000","27480515.44835940","0"
1626739200000,"113.14000000","115.09000000","103.83000000","107.29000000","766236.24738000",1626825599999,"82496935.51816820",187499,"377969.84829000","40723427.71669350","0"
1626825600000,"107.31000000","119.24000000","105.05000000","117.74000000","682039.47283000",1626911999999,"77598308.83819370",194330,"342667.79501000","38965303.02446810","0"
1626912000000,"117.77000000","122.00000000","115.61000000","120.67000000","464759.47146000",1626998399999,"55142102.74740570",131158,"236132.46654000","28028246.95807030","0"
1626998400000,"120.69000000","124.78000000","117.02000000","124.24000000","404160.06952000",1627084799999,"48655550.74458300",125545,"201239.18686000","24242936.55129880","0"
1627084800000,"124.27000000","127.70000000","123.29000000","125.99000000","432891.78019000",1627171199999,"54410461.66094800",141280,"219112.48140000","27534236.10032380","0"
1627171200000,"126.00000000","127.99000000","123.51000000","127.68000000","392963.87036000",1627257599999,"49282879.25723220",112165,"196865.78703000","24690674.06263900","0"
1627257600000,"127.64000000","140.47000000","126.85000000","131.06000000","1052092.77379000",1627343999999,"142739916.48008180",334580,"542243.21570000","73595709.75054340","0"
1627344000000,"131.06000000","135.12000000","127.27000000","134.74000000","607384.02252000",1627430399999,"79681430.66355630",183467,"306356.48031000","40213519.04731260","0"
1627430400000,"134.73000000","142.00000000","132.39000000","140.42000000","729936.12774000",1627516799999,"100247791.35552700",263899,"366542.71673000","50348310.40274460","0"
1627516800000,"140.48000000","143.00000000","136.55000000","141.44000000","542641.00192000",1627603199999,"75653246.35318830",177013,"268555.00165000","37450160.60045750","0"
1627603200000,"141.44000000","145.88000000","135.86000000","145.51000000","605847.24082000",1627689599999,"85050084.09458060",220376,"302967.99467000","42524068.17041480","0"
1627689600000,"145.51000000","146.60000000","141.83000000","144.37000000","388737.61543000",1627775999999,"56041707.65105860",147675,"193083.68872000","27843177.46063400","0"
1627776000000,"144.35000000","149.78000000","138.04000000","140.31000000","584699.77102000",1627862399999,"85237910.06338610",210892,"292089.51177000","42583453.77512730","0"
1627862400000,"140.31000000","145.93000000","138.76000000","141.35000000","419849.68249000",1627948799999,"59816989.96298610",160876,"213435.69701000","30402897.80125270","0"
1627948800000,"141.32000000","143.24000000","135.60000000","138.49000000","402821.08451000",1628035199999,"55904076.43785560",137909,"202640.59642000","28128640.77423360","0"
1628035200000,"138.49000000","144.50000000","135.54000000","142.57000000","486488.33119000",1628121599999,"68311414.32373310",153814,"240077.49556000","33722732.50206100","0"
1628121600000,"142.57000000","145.19000000","136.12000000","143.53000000","615027.38819000",1628207999999,"86661552.83707020",201045,"312251.88064000","44027070.11524380","0"
1628208000000,"143.51000000","150.90000000","141.73000000","147.95000000","685973.67511000",1628294399999,"100618381.98056610",229553,"350239.54187000","51392270.78755940","0"
1628294400000,"147.93000000","156.39000000","147.06000000","155.92000000","878574.53896000",1628380799999,"134279697.87210690",294520,"439817.72275000","67220468.20111200","0"
1628380800000,"155.92000000","157.63000000","147.00000000","149.69000000","700140.23658000",1628467199999,"106933255.74601660",241400,"339458.49557000","51859654.98606940","0"
1628467200000,"149.69000000","170.78000000","145.15000000","166.31000000","1165618.32076000",1628553599999,"186206657.52563030",407093,"583202.11021000","93108802.46477200","0"
1628553600000,"166.27000000","168.28000000","158.79000000","165.38000000","894686.73503000",1628639999999,"146650320.29434350",285340,"451953.33931000","74092590.72078620","0"
1628640000000,"165.38000000","176.07000000","164.23000000","170.60000000","914647.01760000",1628726399999,"156354817.13675820",315395,"459501.60039000","78554495.95035990","0"
1628726400000,"170.57000000","179.74000000","160.77000000","165.38000000","987267.21224000",1628812799999,"166955053.60177880",323957,"479641.94963000","81069160.94847700","0"
1628812800000,"165.41000000","184.57000000","164.00000000","183.31000000","1122682.76822000",1628899199999,"200074885.09656750",376927,"566116.72404000","100820064.28742710","0"
1628899200000,"183.32000000","185.11000000","174.62000000","182.76000000","944596.30069000",1628985599999,"170189633.35737430",339876,"475874.15232000","85748736.96336410","0"
1628985600000,"182.78000000","186.55000000","175.18000000","184.60000000","948648.90733000",1629071999999,"171774672.97280000",343246,"466925.90733000","84588163.83166910","0"
1629072000000,"184.59000000","189.03000000","176.35000000","177.93000000","898330.41540000",1629158399999,"165189668.14032730",335638,"444348.74377000","81732776.62001660","0"
1629158400000,"177.96000000","184.38000000","168.01000000","168.61000000","781038.75082000",1629244799999,"138711288.56197000",297504,"382224.75811000","67961880.50100040","0"
1629244800000,"168.60000000","174.54000000","162.92000000","166.65000000","694819.54486000",1629331199999,"117340405.20078400",237177,"346173.28132000","58486193.95394160","0"
1629331200000,"166.64000000","175.82000000","162.66000000","175.59000000","682216.29479000",1629417599999,"115121985.81014650",227174,"337446.57609000","56975811.76260970","0"
1629417600000,"175.57000000","184.11000000","174.11000000","183.59000000","708140.15383000",1629503999999,"126775222.23233050",250745,"368599.36579000","65985830.89122140","0"
1629504000000,"183.59000000","184.48000000","176.52000000","179.63000000","644225.29965000",1629590399999,"116558250.54229690",231587,"311976.80365000","56460458.78457930","0"
1629590400000,"179.57000000","189.60000000","178.38000000","185.91000000","935874.98336000",1629676799999,"172606192.85610750",340705,"462090.83849000","85218724.78407940","0"
1629676800000,"185.85000000","191.94000000","183.61000000","187.01000000","877311.28336000",1629763199999,"164959040.99770360",318881,"434895.70436000","81778720.16011230","0"
1629763200000,"186.98000000","188.64000000","172.25000000","173.42000000","780692.69421000",1629849599999,"140949963.04005540",266418,"377044.90863000","68070088.45342350","0"
1629849600000,"173.39000000","179.00000000","169.06000000","177.75000000","617983.08030000",1629935999999,"108201062.34796910",205048,"303324.12803000","53165871.84204620","0"
1629936000000,"177.76000000","180.18000000","164.90000000","167.70000000","568905.75324000",1630022399999,"97291305.66990310",157518,"272829.85124000","46675336.21174650","0"
1630022400000,"167.70000000","176.35000000","165.00000000","176.20000000","456121.02531000",1630108799999,"77989311.70293580",135343,"235492.88732000","40273366.08984380","0"
1630108800000,"176.20000000","177.10000000","171.30000000","175.60000000","316185.26963000",1630195199999,"54977130.20061680",96146,"159118.70781000","27683912.04664080","0"
1630195200000,"175.70000000","182.60000000","173.10000000","174.30000000","547343.58554000",1630281599999,"97130374.91526090",165503,"280115.76303000","49756799.70724790","0"
1630281600000,"174.40000000","176.50000000","166.50000000","167.30000000","468119.39600000",1630367999999,"80384494.12810000",136025,"228187.92200000","39185710.90320000","0"
1630368000000,"167.40000000","175.40000000","165.60000000","171.50000000","553621.00700000",1630454399999,"94748220.14210000",165988,"274646.46100000","47026913.70840000","0"
1630454400000,"171.60000000","182.80000000","168.50000000","180.90000000","692302.29400000",1630540799999,"121596203.58436400",213809,"369110.04300000","64876884.19306400","0"
1630540800000,"180.90000000","187.90000000","179.40000000","183.30000000","683639.85445000",1630627199999,"125801760.51740360",241362,"337379.66953000","62118550.17274860","0"
1630627200000,"183.40000000","217.70000000","179.80000000","212.90000000","2071663.63126000",1630713599999,"418110896.23474980",709377,"1036392.25942000","208932565.07713860","0"
1630713600000,"212.90000000","225.20000000","208.40000000","211.90000000","1448417.53392000",1630799999999,"313258847.49138330",458953,"712114.26131000","154119180.04342630","0"
1630800000000,"212.00000000","232.56000000","210.50000000","232.20000000","1007949.97992000",1630886399999,"223656696.24090050",403469,"527237.28734000","117040480.23753850","0"
1630886400000,"232.20000000","232.30000000","214.80000000","219.40000000","1001710.49300000",1630972799999,"224156141.38300000",313412,"524056.34500000","117291923.35910000","0"
1630972800000,"219.40000000","221.90000000","162.10000000","178.50000000","2026882.59263000",1631059199999,"390578821.46507180",581890,"923937.05641000","177984520.81606800","0"
1631059200000,"178.40000000","189.00000000","169.30000000","179.70000000","1419232.64100000",1631145599999,"255703914.05370000",352790,"715778.72400000","129087730.24570000","0"
1631145600000,"179.70000000","188.60000000","176.50000000","180.50000000","896655.71800000",1631231999999,"164129604.94240000",225836,"453066.17600000","83012639.39370000","0"
1631232000000,"180.50000000","187.40000000","170.70000000","174.10000000","721100.84200000",1631318399999,"128840044.16670000",198446,"341640.85900000","61110843.53680000","0"
1631318400000,"174.10000000","186.20000000","173.40000000","178.60000000","551963.07100000",1631404799999,"99706178.49280000",155726,"284559.73800000","51395956.68950000","0"
1631404800000,"178.60000000","186.20000000","175.10000000","183.00000000","564714.69600000",1631491199999,"102330739.30830000",166366,"291956.74100000","52961994.71860000","0"
1631491200000,"183.10000000","240.00000000","170.70000000","179.40000000","5437062.67410000",1631577599999,"1066384966.60033220",1344016,"2705998.69893000","528964300.48726220","0"
1631577600000,"179.40000000","189.00000000","176.10000000","183.10000000","1091279.99700000",1631663999999,"197408757.03890000",362174,"552269.39600000","99908242.80830000","0"
1631664000000,"183.00000000","192.10000000","179.60000000","189.00000000","745508.05900000",1631750399999,"137697994.33080000",213470,"367950.49200000","67978984.82650000","0"
1631750400000,"189.10000000","195.40000000","181.50000000","185.20000000","935286.23100000",1631836799999,"176852389.66260000",297580,"467599.57100000","88474482.44980000","0"
1631836800000,"185.20000000","190.50000000","177.50000000","180.00000000","566767.06900000",1631923199999,"103829576.84880000",177962,"276693.25200000","50721943.58080000","0"
1631923200000,"180.00000000","185.80000000","177.90000000","181.40000000","372409.22400000",1632009599999,"67815916.00140000",108725,"179047.25400000","32626682.54780000","0"
1632009600000,"181.30000000","181.70000000","172.50000000","175.60000000","364865.77500000",1632095999999,"64752004.42240000",106682,"172496.29400000","30615773.98340000","0"
1632096000000,"175.60000000","176.00000000","153.30000000","157.20000000","1300459.67767000",1632182399999,"210410849.24836220",311880,"616193.54605000","99715922.59148660","0"
1632182400000,"157.20000000","162.30000000","144.70000000","148.50000000","988169.63393000",1632268799999,"153601638.99772840",240425,"480365.44629000","74716548.98237900","0"
1632268800000,"148.60000000","161.80000000","145.30000000","161.40000000","822665.56600000",1632355199999,"127922221.54720000",168617,"430258.49800000","66965703.88080000","0"
1632355200000,"161.40000000","165.00000000","157.10000000","163.90000000","559513.52200000",1632441599999,"90086135.11780000",127218,"275029.89200000","44278207.28700000","0"
1632441600000,"163.90000000","166.60000000","141.60000000","152.10000000","1236046.28455000",1632527999999,"186237491.03192950",243188,"609300.80373000","91815077.31676430","0"
1632528000000,"152.00000000","155.90000000","148.80000000","151.00000000","622457.07800000",1632614399999,"94774250.57530000",171198,"312156.04900000","47539088.04720000","0"
1632614400000,"150.90000000","153.40000000","141.90000000","150.70000000","837958.06500000",1632700799999,"124574377.29290000",193909,"407691.39500000","60614516.92730000","0"
1632700800000,"150.70000000","154.90000000","144.80000000","145.00000000","463173.18800000",1632787199999,"69894991.70230000",149102,"216113.20500000","32641251.86710000","0"
1632787200000,"145.00000000","149.00000000","140.00000000","140.60000000","551914.77190000",1632873599999,"80089909.92303950",167575,"269553.40200000","39138281.80850000","0"
1632873600000,"140.50000000","150.40000000","139.70000000","144.70000000","505249.15568000",1632959999999,"73600932.01200000",152576,"250510.78600000","36501904.31530000","0"
1632960000000,"144.80000000","154.50000000","143.90000000","153.30000000","505878.24000000",1633046399999,"76383184.62560000",167123,"259448.42500000","39176723.80680000","0"
1633046400000,"153.20000000","168.10000000","151.10000000","166.20000000","701432.91700000",1633132799999,"113134956.76490000",255565,"365623.94500000","58944912.97060000","0"
1633132800000,"166.10000000","172.80000000","164.40000000","168.90000000","427845.77300000",1633219199999,"72335144.59850000",148076,"213680.85800000","36142513.09190000","0"
1633219200000,"168.90000000","175.00000000","165.70000000","170.50000000","437060.78700000",1633305599999,"74333713.90090000",167180,"215312.69700000","36640554.94710000","0"
1633305600000,"170.50000000","170.90000000","161.30000000","167.50000000","586624.93100000",1633391999999,"97383586.22450000",152724,"283841.05700000","47146696.62190000","0"
1633392000000,"167.50000000","175.40000000","166.60000000","173.80000000","622714.61200000",1633478399999,"106632729.70820000",186522,"314160.33600000","53787060.05730000","0"
1633478400000,"173.70000000","183.00000000","163.80000000","178.50000000","967921.40400000",1633564799999,"170174412.51940000",330024,"490020.00700000","86235081.93680000","0"
1633564800000,"178.50000000","187.00000000","173.40000000","178.60000000","866672.44700000",1633651199999,"156304829.04570000",267395,"417035.54900000","75226312.99140000","0"
1633651200000,"178.60000000","183.40000000","174.40000000","175.90000000","697493.03400000",1633737599999,"125125424.66590000",183091,"336487.01600000","60380115.93220000","0"
1633737600000,"175.90000000","182.90000000","174.40000000","179.90000000","445979.88800000",1633823999999,"80065420.22380000",119499,"232409.08900000","41754651.80270000","0"
1633824000000,"179.90000000","184.00000000","174.00000000","174.80000000","559785.15300000",1633910399999,"100526588.51230000",162639,"274150.62000000","49289800.70650000","0"
1633910400000,"174.80000000","185.40000000","172.00000000","179.10000000","679614.98700000",1633996799999,"122327312.91360000",219432,"340301.70700000","61322879.74400000","0"
1633996800000,"179.20000000","179.20000000","166.30000000","172.60000000","708173.90000000",1634083199999,"121699473.53020000",167807,"343734.36900000","59098188.23030000","0"
1634083200000,"172.60000000","179.70000000","167.60000000","177.60000000","657952.56200000",1634169599999,"114214446.17300000",190801,"340985.66800000","59206157.07310000","0"
1634169600000,"177.70000000","186.70000000","176.90000000","181.30000000","746399.18100000",1634255999999,"135168993.48220000",234484,"360681.69800000","65320017.55940000","0"
1634256000000,"181.30000000","193.00000000","176.40000000","189.60000000","1143344.43800000",1634342399999,"211824402.59540000",353728,"576150.82900000","106818983.94950000","0"
1634342400000,"189.70000000","192.60000000","185.00000000","186.00000000","576811.60500000",1634428799999,"108844697.34580000",151429,"287311.26900000","54238388.71250000","0"
1634428800000,"186.00000000","188.10000000","176.40000000","183.70000000","475002.96300000",1634515199999,"87262505.30580000",135575,"217323.10000000","39951263.39380000","0"
1634515200000,"183.80000000","187.60000000","178.50000000","185.60000000","591931.08300000",1634601599999,"108947835.19190000",170031,"304525.18200000","56067379.78190000","0"
1634601600000,"185.50000000","191.60000000","183.10000000","188.80000000","598824.68800000",1634687999999,"112333891.59910000",190855,"299664.81200000","56242065.01910000","0"
1634688000000,"188.80000000","209.40000000","185.60000000","207.30000000","1121684.82000000",1634774399999,"222585184.17916060",393227,"578741.75700000","114743302.75526060","0"
1634774400000,"207.40000000","214.70000000","195.20000000","196.80000000","1129324.23500000",1634860799999,"231341654.35860000",365110,"539461.83500000","110607389.96710000","0"
1634860800000,"196.80000000","201.50000000","187.90000000","191.00000000","731846.10500000",1634947199999,"143275061.18200000",214426,"332680.79400000","65185846.74510000","0"
1634947200000,"191.00000000","198.00000000","188.70000000","196.30000000","413109.66400000",1635033599999,"80163188.77760000",132913,"216400.68400000","42011908.38740000","0"
1635033600000,"196.30000000","199.90000000","185.20000000","190.40000000","568204.06000000",1635119999999,"109098359.23490000",172179,"269886.25200000","51810796.25330000","0"
1635120000000,"190.40000000","197.40000000","189.60000000","195.50000000","435121.82200000",1635206399999,"84716413.22210000",127222,"201802.98500000","39296498.04590000","0"
1635206400000,"195.50000000","199.40000000","190.30000000","197.60000000","571152.65500000",1635292799999,"111116683.28600000",210054,"275187.02400000","53585122.56170000","0"
1635292800000,"197.50000000","205.00000000","171.10000000","179.30000000","1380721.92600000",1635379199999,"259457762.29930000",451015,"668475.56500000","125705134.20780000","0"
1635379200000,"179.20000000","194.50000000","177.60000000","189.80000000","722390.73500000",1635465599999,"134606102.64750000",228824,"370619.85500000","69093908.65190000","0"
1635465600000,"189.80000000","198.70000000","188.10000000","196.70000000","581094.60000000",1635551999999,"112307310.57740000",204785,"289757.64300000","56030197.22490000","0"
1635552000000,"196.70000000","197.30000000","186.60000000","190.20000000","415371.62000000",1635638399999,"79709873.35190000",139763,"196515.31800000","37713483.02850000","0"
1635638400000,"190.20000000","195.20000000","186.70000000","191.90000000","514684.87500000",1635724799999,"98184786.27620000",158261,"253215.81700000","48327989.59170000","0"
1635724800000,"191.90000000","201.20000000","187.80000000","197.60000000","656176.59200000",1635811199999,"127154969.25960000",254885,"331918.29000000","64331743.03860000","0"
1635811200000,"197.60000000","204.90000000","195.10000000","200.90000000","589454.74200000",1635897599999,"117904274.51880000",234997,"295356.96400000","59087847.26650000","0"
1635897600000,"200.90000000","209.30000000","197.40000000","207.30000000","839855.94100000",1635983999999,"171071614.80410000",350887,"424228.36200000","86464784.65770000","0"
1635984000000,"207.30000000","207.30000000","196.10000000","202.60000000","592543.49400000",1636070399999,"119417154.63770000",209962,"287920.27600000","58027927.92260000","0"
1636070400000,"202.60000000","203.30000000","196.70000000","198.90000000","454701.02800000",1636156799999,"90965420.09310000",156790,"223032.98100000","44632610.03440000","0"
1636156800000,"198.90000000","201.10000000","191.00000000","197.60000000","420636.05100000",1636243199999,"82377992.19630000",150287,"209027.53200000","40939950.13400000","0"
1636243200000,"197.60000000","202.10000000","196.90000000","202.00000000","351383.08000000",1636329599999,"70064882.68890000",119484,"171234.19500000","34148018.82690000","0"
1636329600000,"202.10000000","229.70000000","202.00000000","229.00000000","1380080.24700000",1636415999999,"299667456.99200000",589935,"717959.87900000","155937270.93360000","0"
1636416000000,"229.00000000","274.60000000","226.50000000","262.00000000","3256268.81184000",1636502399999,"830585795.10654850",1299197,"1702104.98057000","433854215.06515950","0"
1636502400000,"262.00000000","295.70000000","251.60000000","260.40000000","3733558.86070000",1636588799999,"1027166414.21709910",1471691,"1839875.45912000","507207866.86527510","0"
1636588800000,"260.30000000","274.20000000","250.50000000","262.30000000","1666490.10600000",1636675199999,"436992713.88620000",609450,"841653.34800000","220628812.00530000","0"
1636675200000,"262.20000000","282.70000000","243.70000000","251.20000000","2414623.35200000",1636761599999,"636618307.48090000",785094,"1239286.82100000","326764257.23110000","0"
1636761600000,"251.10000000","264.20000000","245.20000000","257.70000000","1167201.21100000",1636847999999,"295930996.26620000",387911,"598851.84600000","151869134.25990000","0"
1636848000000,"257.70000000","279.70000000","248.40000000","279.30000000","1358747.99700000",1636934399999,"356511979.12640000",498337,"667090.17600000","175079319.15020000","0"
1636934400000,"279.30000000","281.50000000","259.00000000","263.00000000","1155933.60900000",1637020799999,"312897146.74940000",463687,"548848.17100000","148643374.57230000","0"
1637020800000,"263.00000000","263.30000000","222.50000000","230.20000000","2396155.13000000",1637107199999,"575835892.25840000",790004,"1213042.48900000","291640174.15690000","0"
1637107200000,"230.40000000","235.40000000","217.60000000","229.60000000","1422751.18300000",1637193599999,"324060464.21850000",348559,"698939.27900000","159287925.26090000","0"
1637193600000,"229.60000000","232.40000000","199.40000000","204.20000000","1689641.57400000",1637279999999,"362559775.04900000",417681,"801177.71400000","172033410.62870000","0"
1637280000000,"204.10000000","221.30000000","199.50000000","217.90000000","1040819.80100000",1637366399999,"219957203.17150000",299488,"543423.45900000","114898542.75850000","0"
1637366400000,"217.90000000","227.80000000","212.40000000","226.80000000","841347.75400000",1637452799999,"186040012.54840000",278042,"420362.45000000","93021836.63610000","0"
1637452800000,"226.80000000","230.80000000","219.60000000","221.10000000","698329.31300000",1637539199999,"156766613.27120000",206097,"341091.89900000","76592839.32630000","0"
1637539200000,"221.20000000","221.70000000","205.20000000","209.10000000","865031.63400000",1637625599999,"184972331.93980000",240554,"423122.75800000","90480937.74980000","0"
1637625600000,"209.10000000","218.80000000","205.10000000","216.20000000","709895.64900000",1637711999999,"149838005.84640000",212316,"358058.57500000","75591994.28360000","0"
1637712000000,"216.20000000","217.70000000","205.90000000","212.20000000","586526.86000000",1637798399999,"123647612.44830000",189606,"283470.24500000","59787582.69390000","0"
1637798400000,"212.20000000","229.80000000","210.70000000","222.90000000","892094.61000000",1637884799999,"197840663.65250000",288169,"452456.54600000","100358883.89400000","0"
1637884800000,"223.00000000","224.90000000","190.00000000","195.70000000","1536691.46100000",1637971199999,"307420496.62280000",437470,"764712.50300000","152878573.31390000","0"
1637971200000,"195.70000000","201.00000000","190.60000000","195.10000000","524367.98200000",1638057599999,"103233598.00050000",156659,"261124.33400000","51423234.81010000","0"
1638057600000,"195.00000000","199.90000000","182.00000000","199.50000000","723846.34400000",1638143999999,"137946609.33330000",192383,"352357.72000000","67199168.88360000","0"
1638144000000,"199.50000000","209.50000000","194.90000000","205.50000000","810923.68800000",1638230399999,"163787693.95570000",227226,"414546.41400000","83758685.55730000","0"
1638230400000,"205.50000000","219.90000000","197.40000000","207.80000000","1032919.45700000",1638316799999,"215010598.69400000",322903,"512491.95100000","106749563.88360000","0"
1638316800000,"207.80000000","217.80000000","205.10000000","208.80000000","674057.31400000",1638403199999,"142795136.87940000",209245,"331090.48600000","70170160.27450000","0"
1638403200000,"208.70000000","210.10000000","199.90000000","203.50000000","562121.73000000",1638489599999,"114943226.98780000",187258,"272556.05500000","55735817.41930000","0"
1638489600000,"203.50000000","208.10000000","179.30000000","188.00000000","825086.40000000",1638575999999,"161401372.49580000",260547,"392171.55100000","76817995.16500000","0"
1638576000000,"188.00000000","189.30000000","129.30000000","162.70000000","2758066.76925000",1638662399999,"430175287.17576420",577143,"1361058.39767000","212138440.78215100","0"
1638662400000,"162.70000000","165.00000000","148.00000000","156.30000000","1075867.59800000",1638748799999,"168034594.29610000",248262,"531944.71200000","83109450.40570000","0"
1638748800000,"156.30000000","164.50000000","141.30000000","161.30000000","1097434.11300000",1638835199999,"164472107.14770000",249060,"562175.94300000","84250720.68420000","0"
1638835200000,"161.30000000","165.80000000","158.20000000","161.80000000","672241.01000000",1638921599999,"108575445.09660000",183660,"332530.53200000","53732946.31790000","0"
1638921600000,"161.80000000","170.30000000","155.80000000","165.10000000","890527.25200000",1639007999999,"145257241.22090000",216193,"446305.01500000","72825058.85230000","0"
1639008000000,"165.20000000","167.10000000","151.10000000","151.30000000","648228.98200000",1639094399999,"102345205.13540000",169131,"308508.74600000","48721580.43560000","0"
1639094400000,"151.40000000","159.80000000","147.50000000","148.30000000","704610.42800000",1639180799999,"107815013.62480000",172247,"347553.49700000","53212669.14650000","0"
1639180800000,"148.40000000","159.50000000","145.70000000","158.00000000","558649.67700000",1639267199999,"86140097.89020000",143677,"284750.32400000","43921098.98460000","0"
1639267200000,"158.00000000","162.90000000","153.20000000","159.00000000","382460.66900000",1639353599999,"60315415.83810000",109609,"195071.89500000","30779950.99720000","0"
1639353600000,"158.90000000","159.90000000","142.70000000","144.60000000","628722.15900000",1639439999999,"94940352.56810000",177278,"301350.84700000","45508109.91950000","0"
1639440000000,"144.60000000","151.90000000","142.90000000","150.40000000","511641.76900000",1639526399999,"75616666.33610000",168947,"252115.66900000","37268113.08830000","0"
1639526400000,"150.30000000","155.00000000","141.70000000","153.60000000","611833.27800000",1639612799999,"91447343.34030000",190593,"305781.10000000","45740916.72910000","0"
1639612800000,"153.50000000","156.70000000","148.50000000","148.90000000","434853.36100000",1639699199999,"66670043.81630000",129930,"220571.88400000","33827396.77810000","0"
1639699200000,"148.90000000","150.30000000","141.20000000","144.10000000","472455.02300000",1639785599999,"69220576.79760000",148515,"230107.38400000","33711608.06120000","0"
1639785600000,"144.10000000","150.30000000","142.80000000","148.60000000","300448.21900000",1639871999999,"44331088.42190000",97325,"154770.30900000","22838804.51480000","0"
1639872000000,"148.60000000","161.10000000","147.60000000","153.20000000","738406.68200000",1639958399999,"114153907.28220000",185920,"353069.66800000","54567038.34120000","0"
1639958400000,"153.20000000","157.40000000","145.20000000","152.60000000","550918.76900000",1640044799999,"83033544.92290000",167266,"273521.64400000","41252889.11420000","0"
1640044800000,"152.70000000","156.40000000","149.10000000","154.70000000","375493.20500000",1640131199999,"57592242.28590000",116971,"192973.87200000","29599965.43640000","0"
1640131200000,"154.80000000","160.20000000","152.90000000","155.40000000","414964.85000000",1640217599999,"64939175.39630000",135642,"211038.56200000","33033503.24790000","0"
1640217600000,"155.40000000","165.20000000","153.00000000","163.60000000","521673.02100000",1640303999999,"82928184.39030000",158956,"273433.81200000","43498366.08960000","0"
1640304000000,"163.60000000","166.80000000","160.10000000","161.20000000","411411.85600000",1640390399999,"67263215.43170000",131373,"194481.43400000","31819944.61910000","0"
1640390400000,"161.20000000","163.60000000","157.30000000","157.80000000","456068.09400000",1640476799999,"73267865.90720000",107574,"205038.77300000","32983365.77290000","0"
1640476800000,"157.80000000","158.40000000","152.60000000","155.70000000","887961.05900000",1640563199999,"137926395.70560000",189278,"383136.23000000","59558099.54490000","0"
1640563200000,"155.80000000","161.30000000","154.40000000","155.90000000","463741.77000000",1640649599999,"73291017.80660000",137520,"237167.57700000","37496416.24320000","0"
1640649600000,"155.90000000","156.00000000","144.50000000","145.70000000","679901.01400000",1640735999999,"102064945.00720000",176380,"324021.37500000","48607103.51630000","0"
1640736000000,"145.60000000","151.00000000","143.90000000","145.50000000","444947.62800000",1640822399999,"65838630.92470000",123757,"220586.38700000","32648146.42660000","0"
1640822400000,"145.50000000","150.00000000","142.70000000","148.00000000","318121.04600000",1640908799999,"46772529.01420000",89290,"163691.63700000","24077217.73870000","0"
1640908800000,"147.90000000","152.70000000","143.70000000","146.30000000","344892.41000000",1640995199999,"51199866.65480000",109825,"168507.45800000","25032939.04690000","0"
1640995200000,"146.20000000","151.00000000","146.10000000","150.80000000","225155.54000000",1641081599999,"33479057.52210000",71058,"112870.36000000","16785882.30130000","0"
